,CVCL_1805,CVCL_1859,CVCL_1170,CVCL_2016,CVCL_2017,CVCL_2889,CVCL_2022,CVCL_1240,CVCL_1280,CVCL_0337,CVCL_0065,CVCL_1324,CVCL_2541,CVCL_2976,CVCL_4965,CVCL_2098,CVCL_1380,CVCL_H631,CVCL_H637,CVCL_0013,CVCL_2127,CVCL_3032,CVCL_2633,CVCL_2142,CVCL_8461,CVCL_0466,CVCL_8797,CVCL_1913,CVCL_5363,CVCL_RL84,CVCL_A673,CVCL_0538,CVCL_2209,CVCL_2210,CVCL_9973,CVCL_L177,CVCL_A1EY,CVCL_1797
A1BG,NA,NA,NA,NA,NA,NA,NA,NA,NA,NA,nonsynonymous SNV,NA,NA,NA,NA,NA,NA,NA,NA,NA,NA,NA,NA,NA,NA,NA,NA,NA,NA,NA,NA,NA,NA,NA,NA,NA,NA,NA
AAAS,NA,NA,NA,NA,NA,NA,NA,NA,NA,NA,nonsynonymous SNV,NA,NA,NA,NA,NA,NA,NA,NA,nonsynonymous SNV,NA,NA,NA,NA,NA,NA,NA,NA,NA,NA,NA,NA,NA,NA,NA,NA,NA,NA
AACS,NA,NA,NA,NA,NA,nonsynonymous SNV,NA,NA,NA,NA,NA,NA,NA,NA,nonsynonymous SNV,NA,NA,NA,NA,NA,NA,NA,NA,NA,NA,NA,NA,NA,NA,NA,NA,NA,NA,NA,NA,NA,NA,NA
AADAT,NA,NA,NA,nonsynonymous SNV,NA,NA,NA,NA,NA,NA,NA,NA,NA,NA,NA,NA,NA,NA,NA,NA,NA,NA,NA,NA,NA,NA,NA,NA,NA,NA,NA,NA,NA,NA,NA,NA,NA,NA
AAED1,NA,NA,NA,NA,NA,NA,NA,NA,NA,NA,NA,NA,NA,NA,NA,NA,NA,NA,NA,NA,NA,NA,NA,NA,NA,NA,NA,NA,NA,NA,NA,NA,NA,NA,NA,NA,NA,NA
AAGAB,NA,NA,NA,NA,NA,NA,NA,NA,NA,NA,nonsynonymous SNV,NA,NA,NA,NA,NA,NA,NA,NA,NA,NA,NA,NA,NA,NA,NA,NA,NA,NA,NA,NA,NA,NA,NA,NA,NA,NA,NA
AAK1,NA,nonsynonymous SNV,NA,NA,NA,NA,nonsynonymous SNV,NA,NA,NA,NA,NA,NA,NA,NA,NA,NA,NA,NA,NA,NA,NA,NA,NA,NA,NA,NA,NA,NA,NA,NA,NA,NA,NA,NA,NA,NA,NA
AARS,NA,NA,NA,NA,NA,NA,NA,NA,NA,NA,NA,NA,NA,NA,NA,NA,NA,NA,NA,nonsynonymous SNV,NA,NA,NA,NA,NA,nonsynonymous SNV,NA,nonsynonymous SNV,NA,NA,NA,NA,NA,NA,NA,NA,NA,NA
AARS2,NA,nonsynonymous SNV,NA,NA,NA,NA,NA,NA,nonsynonymous SNV,NA,nonsynonymous SNV,NA,NA,NA,NA,NA,NA,NA,NA,NA,NA,NA,NA,NA,NA,NA,NA,NA,NA,NA,NA,NA,NA,NA,NA,nonsynonymous SNV,NA,NA
AARSD1;PTGES3L-AARSD1,NA,NA,NA,NA,NA,NA,NA,NA,NA,NA,NA,NA,NA,NA,NA,NA,NA,NA,NA,NA,NA,NA,NA,NA,NA,nonsynonymous SNV,NA,NA,NA,NA,NA,NA,NA,NA,NA,NA,NA,NA
AASDH,NA,NA,NA,NA,NA,NA,NA,NA,NA,NA,NA,NA,NA,NA,NA,NA,NA,NA,NA,NA,NA,NA,nonsynonymous SNV,NA,NA,NA,NA,NA,NA,NA,NA,NA,NA,NA,NA,NA,NA,NA
AASS,NA,NA,NA,NA,NA,NA,NA,nonsynonymous SNV,NA,NA,NA,NA,NA,NA,NA,NA,NA,NA,NA,NA,NA,NA,NA,NA,NA,NA,NA,NA,NA,NA,NA,NA,NA,NA,NA,NA,NA,NA
ABCA13,NA,NA,NA,NA,NA,NA,NA,NA,NA,NA,NA,NA,NA,NA,NA,NA,NA,nonsynonymous SNV,NA,NA,NA,NA,nonsynonymous SNV,NA,NA,NA,NA,NA,NA,NA,NA,NA,NA,NA,NA,NA,NA,NA
ABCA2,NA,NA,NA,NA,NA,nonsynonymous SNV,NA,NA,nonsynonymous SNV,NA,nonsynonymous SNV,NA,NA,nonsynonymous SNV,NA,NA,NA,NA,NA,NA,nonsynonymous SNV,NA,NA,NA,NA,nonsynonymous SNV,NA,NA,NA,NA,NA,NA,NA,NA,NA,NA,NA,NA
ABCA3,NA,NA,NA,NA,NA,NA,NA,NA,NA,NA,NA,NA,NA,NA,NA,NA,NA,NA,NA,NA,NA,NA,NA,NA,nonsynonymous SNV,nonsynonymous SNV,NA,NA,NA,NA,NA,NA,NA,NA,NA,NA,NA,NA
ABCA4,NA,NA,NA,NA,NA,NA,NA,NA,NA,NA,NA,NA,NA,NA,NA,NA,NA,NA,nonsynonymous SNV,NA,NA,NA,NA,NA,NA,NA,NA,NA,NA,NA,NA,NA,NA,NA,NA,NA,NA,NA
ABCA7,NA,stopgain,NA,nonsynonymous SNV,NA,NA,NA,NA,NA,NA,nonsynonymous SNV,NA,NA,NA,nonsynonymous SNV,NA,NA,NA,nonsynonymous SNV,nonsynonymous SNV,NA,NA,NA,NA,NA,NA,NA,NA,NA,nonsynonymous SNV,NA,NA,NA,NA,NA,NA,NA,NA
ABCA8,NA,NA,NA,NA,NA,NA,NA,NA,NA,NA,NA,NA,NA,NA,NA,NA,NA,NA,NA,NA,NA,NA,NA,NA,NA,NA,NA,NA,NA,NA,nonsynonymous SNV,NA,NA,NA,NA,NA,NA,NA
ABCB6,NA,NA,NA,NA,NA,NA,NA,NA,NA,NA,nonsynonymous SNV,NA,NA,NA,NA,NA,NA,NA,NA,nonsynonymous SNV,NA,NA,NA,NA,NA,NA,NA,NA,NA,NA,NA,NA,NA,NA,NA,NA,NA,NA
ABCB7,NA,NA,stopgain,NA,NA,NA,stopgain,NA,NA,NA,stopgain,NA,NA,NA,stopgain;nonsynonymous SNV,NA,NA,NA,NA,NA,NA,NA,NA,NA,nonsynonymous SNV,NA,NA,NA,NA,NA,NA,NA,NA,NA,NA,NA,NA,NA
ABCB8,NA,NA,nonsynonymous SNV,NA,NA,NA,NA,NA,NA,NA,NA,NA,NA,NA,NA,NA,NA,NA,NA,NA,NA,NA,NA,NA,NA,NA,NA,NA,NA,NA,NA,NA,NA,NA,NA,NA,NA,NA
ABCB9,NA,NA,NA,NA,NA,NA,nonsynonymous SNV,NA,NA,NA,nonsynonymous SNV,NA,NA,NA,NA,NA,NA,NA,NA,NA,NA,NA,NA,NA,NA,NA,NA,NA,NA,NA,NA,NA,NA,NA,NA,NA,NA,NA
ABCC1,NA,nonsynonymous SNV,NA,NA,NA,NA,nonsynonymous SNV,NA,NA,NA,NA,NA,NA,NA,nonsynonymous SNV,NA,NA,NA,NA,NA,NA,NA,NA,NA,NA,NA,NA,NA,NA,NA,NA,NA,NA,NA,nonsynonymous SNV,NA,NA,NA
ABCC10,NA,NA,NA,NA,NA,NA,NA,NA,NA,NA,NA,NA,nonsynonymous SNV,NA,nonsynonymous SNV,NA,NA,NA,NA,NA,NA,NA,NA,nonsynonymous SNV,NA,NA,NA,NA,NA,NA,NA,NA,NA,NA,NA,nonsynonymous SNV,NA,NA
ABCC4,NA,NA,NA,NA,NA,NA,NA,NA,NA,NA,NA,NA,NA,NA,nonsynonymous SNV,NA,NA,NA,NA,NA,NA,NA,NA,NA,NA,NA,NA,NA,NA,NA,NA,NA,NA,NA,NA,NA,NA,NA
ABCC8,NA,NA,NA,NA,NA,NA,nonsynonymous SNV,NA,NA,NA,NA,NA,NA,NA,NA,NA,NA,NA,NA,NA,NA,NA,NA,NA,NA,NA,NA,NA,NA,NA,NA,NA,NA,NA,NA,NA,NA,NA
ABCD1,NA,NA,NA,NA,NA,NA,NA,NA,NA,NA,NA,NA,nonsynonymous SNV,NA,nonsynonymous SNV,NA,NA,NA,NA,nonsynonymous SNV,NA,NA,NA,NA,NA,NA,NA,NA,NA,NA,NA,NA,NA,NA,NA,NA,NA,NA
ABCD2,NA,NA,NA,NA,NA,NA,NA,NA,NA,NA,NA,NA,NA,NA,NA,NA,NA,NA,NA,NA,NA,NA,NA,nonsynonymous SNV,NA,nonsynonymous SNV,NA,NA,NA,NA,NA,NA,NA,NA,NA,NA,NA,NA
ABCD4,nonsynonymous SNV,NA,NA,NA,NA,NA,NA,NA,NA,NA,NA,NA,NA,NA,NA,NA,NA,NA,NA,NA,NA,NA,NA,NA,NA,NA,NA,NA,NA,NA,NA,NA,NA,NA,NA,NA,NA,NA
ABCF1,NA,NA,NA,NA,NA,NA,nonsynonymous SNV,NA,NA,NA,nonsynonymous SNV,NA,NA,NA,NA,NA,NA,NA,NA,nonsynonymous SNV,NA,NA,NA,NA,NA,NA,NA,NA,NA,NA,NA,NA,NA,NA,NA,NA,NA,NA
ABCF2,NA,NA,NA,NA,NA,NA,nonsynonymous SNV,NA,NA,NA,NA,NA,NA,NA,NA,NA,NA,NA,NA,NA,NA,NA,NA,NA,NA,NA,NA,NA,NA,NA,NA,NA,NA,NA,NA,NA,NA,NA
ABCF3,NA,NA,NA,NA,NA,NA,NA,NA,NA,NA,NA,NA,NA,NA,NA,NA,NA,NA,NA,NA,nonsynonymous SNV,NA,NA,NA,NA,NA,NA,NA,NA,NA,NA,NA,NA,NA,NA,nonsynonymous SNV,NA,NA
ABCG1,NA,nonsynonymous SNV,NA,NA,NA,nonsynonymous SNV,NA,NA,NA,NA,nonsynonymous SNV,NA,NA,NA,NA,NA,NA,NA,nonsynonymous SNV,nonsynonymous SNV,NA,NA,NA,NA,NA,NA,NA,NA,NA,NA,NA,NA,NA,NA,NA,NA,NA,NA
ABCG2,NA,NA,NA,NA,NA,NA,NA,NA,NA,NA,nonsynonymous SNV,NA,NA,NA,NA,NA,NA,NA,NA,NA,NA,NA,NA,NA,NA,NA,NA,NA,NA,NA,NA,NA,nonsynonymous SNV,NA,NA,NA,NA,NA
ABHD12,NA,NA,NA,NA,NA,NA,NA,NA,NA,NA,NA,NA,NA,NA,NA,NA,NA,NA,NA,NA,NA,NA,NA,NA,NA,nonsynonymous SNV,NA,NA,NA,NA,NA,NA,NA,NA,NA,NA,NA,NA
ABHD14A,NA,NA,NA,NA,NA,NA,NA,NA,NA,NA,NA,NA,NA,NA,nonsynonymous SNV,NA,NA,NA,NA,nonsynonymous SNV,NA,NA,NA,NA,NA,NA,nonsynonymous SNV,NA,NA,NA,NA,NA,NA,NA,NA,NA,nonsynonymous SNV,NA
ABHD14A-ACY1;ACY1,NA,NA,NA,NA,NA,NA,NA,NA,NA,NA,NA,NA,NA,NA,NA,NA,NA,NA,NA,NA,NA,NA,NA,NA,NA,NA,NA,NA,NA,NA,NA,NA,NA,NA,NA,NA,NA,nonsynonymous SNV
ABHD14A;ABHD14A-ACY1,NA,NA,NA,NA,NA,NA,NA,NA,NA,NA,nonsynonymous SNV,NA,NA,NA,NA,NA,NA,NA,NA,stopgain,NA,NA,NA,NA,NA,NA,NA,NA,NA,NA,NA,NA,NA,NA,NA,NA,NA,NA
ABHD15,NA,NA,NA,NA,NA,NA,nonsynonymous SNV,NA,NA,NA,nonsynonymous SNV,NA,NA,NA,NA,NA,NA,NA,NA,nonsynonymous SNV,NA,NA,NA,nonsynonymous SNV,NA,NA,NA,NA,NA,NA,NA,NA,NA,NA,NA,NA,NA,NA
ABHD16A,NA,NA,NA,NA,NA,NA,nonsynonymous SNV,NA,NA,NA,nonsynonymous SNV,NA,NA,NA,NA,NA,NA,NA,NA,nonsynonymous SNV,NA,NA,NA,NA,NA,NA,NA,NA,NA,NA,NA,NA,NA,NA,NA,NA,NA,NA
ABHD16B,NA,NA,NA,NA,NA,NA,NA,NA,NA,NA,NA,NA,NA,NA,nonsynonymous SNV,NA,NA,NA,NA,nonsynonymous SNV,NA,NA,NA,NA,NA,NA,NA,NA,NA,NA,NA,NA,NA,NA,NA,NA,NA,NA
ABHD17A,NA,NA,NA,NA,NA,nonsynonymous SNV,nonsynonymous SNV,NA,NA,NA,NA,NA,NA,NA,NA,NA,NA,NA,NA,nonsynonymous SNV,NA,NA,NA,NA,NA,NA,NA,NA,NA,NA,NA,NA,NA,NA,NA,NA,NA,NA
ABHD5,NA,NA,NA,NA,NA,NA,NA,NA,NA,NA,NA,NA,NA,NA,nonsynonymous SNV,NA,NA,NA,NA,NA,NA,NA,NA,NA,NA,NA,NA,NA,NA,NA,NA,NA,NA,NA,NA,NA,NA,NA
ABHD6,NA,NA,NA,NA,NA,NA,NA,NA,NA,NA,NA,NA,NA,NA,NA,NA,NA,NA,NA,nonsynonymous SNV,NA,NA,NA,NA,NA,NA,NA,NA,NA,NA,NA,NA,NA,NA,NA,NA,NA,NA
ABHD8,NA,NA,NA,NA,NA,NA,NA,NA,NA,NA,nonsynonymous SNV,NA,NA,NA,NA,NA,NA,NA,NA,NA,NA,NA,NA,NA,NA,NA,NA,NA,NA,NA,NA,NA,NA,NA,NA,NA,NA,NA
ABI2,NA,NA,NA,NA,NA,NA,NA,NA,NA,NA,NA,NA,NA,NA,NA,NA,NA,NA,NA,nonsynonymous SNV,NA,NA,NA,NA,NA,NA,NA,NA,NA,NA,NA,NA,NA,NA,NA,NA,NA,NA
ABL1,NA,NA,NA,NA,NA,NA,NA,NA,NA,NA,nonsynonymous SNV,NA,NA,NA,NA,NA,NA,NA,NA,NA,NA,NA,NA,NA,NA,NA,NA,NA,NA,NA,NA,NA,NA,NA,nonsynonymous SNV,nonsynonymous SNV,NA,nonsynonymous SNV
ABL2,NA,NA,NA,nonsynonymous SNV,nonsynonymous SNV,NA,nonsynonymous SNV,NA,NA,NA,nonsynonymous SNV,NA,NA,NA,NA,NA,nonsynonymous SNV,NA,NA,NA,NA,NA,NA,NA,NA,NA,NA,NA,NA,NA,NA,NA,NA,NA,NA,NA,NA,NA
ABLIM1,NA,NA,NA,NA,NA,NA,NA,NA,NA,NA,NA,NA,NA,NA,nonsynonymous SNV,NA,NA,NA,NA,NA,NA,NA,NA,NA,NA,NA,NA,NA,NA,NA,NA,NA,NA,NA,NA,NA,NA,NA
ABR,NA,NA,NA,NA,NA,NA,NA,NA,NA,NA,nonsynonymous SNV,NA,NA,NA,NA,NA,NA,NA,NA,NA,NA,NA,NA,NA,NA,NA,NA,NA,NA,NA,NA,NA,NA,NA,NA,NA,NA,NA
ABRAXAS2,NA,NA,NA,NA,NA,NA,NA,NA,NA,NA,nonsynonymous SNV,NA,NA,NA,NA,NA,NA,NA,NA,NA,NA,NA,NA,NA,NA,NA,NA,NA,NA,NA,NA,NA,NA,NA,NA,NA,NA,NA
ABT1,NA,nonsynonymous SNV,NA,NA,NA,NA,NA,NA,NA,NA,NA,NA,NA,NA,NA,NA,NA,NA,NA,NA,NA,NA,NA,NA,NA,NA,NA,NA,NA,NA,NA,NA,NA,NA,NA,NA,NA,NA
ABTB1,NA,NA,NA,NA,NA,NA,NA,NA,NA,NA,NA,NA,NA,NA,NA,NA,NA,NA,NA,NA,NA,NA,NA,NA,NA,NA,NA,NA,NA,NA,nonsynonymous SNV,NA,NA,NA,NA,NA,NA,NA
ABTB2,NA,NA,NA,NA,NA,NA,NA,NA,NA,NA,NA,NA,NA,NA,NA,NA,NA,NA,NA,NA,NA,NA,NA,NA,NA,NA,NA,NA,NA,NA,NA,NA,NA,NA,NA,NA,NA,nonsynonymous SNV
ACACA,stopgain,stopgain,stopgain,stopgain,stopgain,stopgain,stopgain;nonsynonymous SNV,stopgain,stopgain,stopgain,stopgain,stopgain,NA,stopgain,stopgain,NA,stopgain,NA,stopgain,stopgain,stopgain,stopgain,stopgain,stopgain,stopgain,NA,stopgain,stopgain,stopgain,stopgain,stopgain,stopgain,NA,stopgain,stopgain,stopgain,NA,stopgain
ACACB,NA,NA,NA,NA,NA,NA,NA,NA,NA,NA,nonsynonymous SNV,NA,NA,NA,NA,NA,NA,NA,NA,nonsynonymous SNV,NA,NA,NA,NA,NA,NA,NA,NA,NA,NA,NA,NA,NA,NA,NA,NA,NA,NA
ACAD10,NA,NA,NA,NA,NA,NA,NA,NA,NA,NA,NA,NA,NA,stopgain,NA,NA,NA,NA,NA,NA,NA,NA,NA,NA,NA,NA,NA,NA,NA,NA,NA,NA,NA,NA,NA,NA,NA,nonsynonymous SNV
ACAD11,NA,NA,NA,NA,NA,NA,nonsynonymous SNV,NA,NA,NA,NA,NA,nonsynonymous SNV,NA,nonsynonymous SNV,NA,nonsynonymous SNV,NA,NA,NA,NA,NA,NA,NA,NA,NA,NA,NA,NA,NA,NA,nonsynonymous SNV,NA,NA,NA,NA,NA,NA
ACAD8,NA,nonsynonymous SNV,NA,NA,NA,NA,NA,NA,NA,NA,NA,NA,NA,NA,NA,NA,NA,NA,NA,NA,NA,NA,NA,NA,NA,NA,NA,NA,NA,NA,NA,NA,NA,NA,NA,NA,NA,NA
ACAD9,NA,NA,NA,NA,NA,NA,NA,NA,nonsynonymous SNV,NA,NA,NA,NA,NA,NA,NA,NA,NA,NA,NA,NA,NA,NA,NA,NA,NA,NA,NA,NA,NA,NA,NA,NA,NA,NA,NA,NA,NA
ACADS,NA,NA,NA,NA,NA,NA,NA,NA,NA,NA,NA,NA,NA,NA,nonsynonymous SNV,NA,NA,NA,NA,NA,NA,NA,NA,NA,NA,NA,NA,NA,NA,NA,NA,NA,NA,NA,NA,NA,NA,NA
ACADSB,NA,NA,NA,NA,NA,NA,NA,NA,NA,NA,NA,NA,NA,NA,NA,NA,NA,NA,NA,NA,NA,NA,NA,NA,NA,NA,NA,NA,nonsynonymous SNV,NA,nonsynonymous SNV,NA,NA,NA,NA,NA,NA,NA
ACADVL,NA,NA,NA,NA,NA,NA,NA,NA,NA,NA,nonsynonymous SNV,NA,NA,NA,nonsynonymous SNV,NA,NA,NA,NA,NA,NA,NA,NA,NA,NA,NA,NA,NA,NA,NA,NA,NA,NA,NA,NA,NA,NA,NA
ACAP1,NA,NA,NA,NA,NA,NA,NA,nonsynonymous SNV,NA,nonsynonymous SNV,NA,NA,NA,NA,NA,NA,NA,NA,NA,NA,NA,NA,NA,NA,NA,NA,NA,NA,NA,NA,NA,NA,NA,NA,NA,NA,NA,NA
ACAP3,NA,NA,NA,NA,NA,NA,NA,NA,NA,NA,NA,NA,NA,NA,nonsynonymous SNV,NA,NA,NA,NA,nonsynonymous SNV,NA,NA,NA,NA,NA,NA,NA,NA,NA,NA,NA,NA,NA,NA,NA,NA,NA,NA
ACBD4,NA,NA,NA,NA,NA,NA,NA,NA,NA,NA,nonsynonymous SNV,NA,NA,NA,NA,NA,NA,NA,NA,NA,NA,NA,NA,NA,NA,NA,NA,NA,NA,NA,NA,NA,NA,NA,NA,NA,NA,NA
ACBD5,NA,NA,NA,NA,NA,NA,NA,NA,NA,NA,NA,NA,NA,NA,nonsynonymous SNV,NA,NA,NA,NA,NA,NA,NA,NA,NA,NA,NA,NA,NA,NA,NA,NA,NA,NA,NA,NA,NA,NA,NA
ACE,NA,nonsynonymous SNV,NA,NA,NA,NA,NA,NA,NA,NA,NA,NA,NA,NA,NA,NA,NA,NA,NA,NA,NA,NA,NA,NA,NA,NA,NA,NA,NA,NA,NA,NA,NA,NA,NA,NA,NA,NA
ACIN1,NA,NA,NA,NA,NA,NA,nonsynonymous SNV,NA,NA,NA,NA,NA,NA,NA,NA,NA,NA,NA,NA,NA,NA,NA,NA,NA,NA,NA,NA,NA,NA,NA,NA,NA,NA,NA,nonsynonymous SNV,NA,NA,NA
ACLY,NA,NA,NA,NA,NA,NA,NA,NA,NA,NA,NA,NA,NA,NA,nonsynonymous SNV,NA,NA,NA,NA,nonsynonymous SNV,NA,NA,NA,NA,NA,NA,NA,NA,NA,NA,NA,NA,NA,NA,NA,NA,NA,nonsynonymous SNV
ACO1,NA,nonsynonymous SNV,NA,NA,NA,NA,nonsynonymous SNV,NA,NA,NA,NA,NA,NA,NA,NA,NA,nonsynonymous SNV,NA,NA,NA,NA,NA,NA,NA,NA,NA,NA,NA,NA,NA,NA,nonsynonymous SNV,NA,NA,NA,NA,NA,NA
ACO2,NA,NA,NA,NA,NA,NA,nonsynonymous SNV,nonsynonymous SNV,NA,nonsynonymous SNV,NA,NA,NA,NA,NA,NA,NA,NA,NA,NA,nonsynonymous SNV,NA,NA,NA,nonsynonymous SNV,NA,NA,NA,NA,NA,NA,NA,NA,NA,NA,NA,NA,NA
ACOT13,NA,NA,NA,NA,nonsynonymous SNV,NA,NA,NA,NA,nonsynonymous SNV,NA,NA,NA,NA,NA,NA,NA,NA,NA,NA,NA,NA,NA,NA,NA,NA,NA,NA,NA,NA,NA,NA,NA,NA,NA,NA,NA,NA
ACOT2,NA,NA,NA,NA,NA,NA,nonsynonymous SNV,NA,NA,NA,NA,NA,NA,NA,nonsynonymous SNV,NA,NA,NA,NA,NA,NA,NA,NA,NA,NA,NA,NA,NA,NA,NA,NA,NA,NA,NA,NA,NA,NA,NA
ACOT4,NA,NA,NA,NA,NA,NA,NA,NA,NA,NA,NA,NA,NA,NA,NA,NA,NA,NA,NA,NA,NA,NA,NA,NA,NA,NA,NA,NA,NA,NA,NA,NA,NA,NA,NA,NA,NA,NA
ACOT7,NA,NA,NA,NA,NA,NA,NA,NA,NA,NA,nonsynonymous SNV,NA,NA,NA,NA,NA,NA,NA,NA,NA,NA,NA,NA,NA,NA,NA,NA,NA,NA,NA,NA,NA,NA,NA,NA,NA,NA,NA
ACOT8,NA,NA,NA,NA,NA,NA,NA,NA,NA,NA,NA,NA,NA,NA,nonsynonymous SNV,NA,NA,NA,NA,NA,NA,NA,NA,NA,NA,NA,NA,NA,NA,NA,NA,NA,NA,NA,nonsynonymous SNV,NA,NA,NA
ACOT9,NA,NA,NA,NA,NA,NA,NA,NA,NA,NA,NA,NA,NA,NA,NA,NA,NA,NA,NA,NA,NA,NA,NA,nonsynonymous SNV,NA,NA,NA,NA,NA,NA,NA,NA,NA,NA,NA,NA,NA,NA
ACOX1,NA,NA,NA,NA,NA,NA,NA,NA,NA,NA,nonsynonymous SNV,NA,NA,NA,NA,NA,NA,NA,NA,NA,NA,NA,NA,NA,NA,NA,NA,NA,NA,NA,NA,NA,NA,NA,NA,NA,NA,NA
ACP1,NA,NA,NA,NA,NA,NA,NA,NA,NA,NA,NA,NA,NA,NA,NA,NA,NA,NA,NA,NA,NA,NA,NA,NA,NA,NA,NA,NA,NA,NA,NA,NA,NA,NA,NA,NA,NA,nonsynonymous SNV
ACP2,NA,NA,NA,NA,NA,NA,NA,NA,NA,NA,NA,NA,NA,NA,NA,NA,NA,NA,NA,NA,NA,NA,NA,NA,NA,NA,NA,NA,NA,NA,NA,NA,NA,NA,NA,NA,NA,NA
ACP6,NA,NA,NA,NA,NA,NA,NA,NA,NA,NA,NA,NA,NA,NA,nonsynonymous SNV,NA,NA,NA,NA,NA,NA,NA,NA,NA,NA,NA,NA,nonsynonymous SNV,NA,NA,NA,NA,NA,NA,NA,NA,NA,NA
ACSF2,NA,NA,NA,NA,NA,NA,NA,NA,NA,NA,NA,NA,NA,NA,NA,nonsynonymous SNV,NA,NA,NA,NA,NA,NA,NA,NA,NA,NA,NA,NA,NA,NA,NA,NA,NA,NA,NA,NA,NA,NA
ACSF3,NA,NA,NA,NA,NA,NA,NA,NA,NA,NA,NA,nonsynonymous SNV,NA,NA,NA,NA,NA,NA,NA,nonsynonymous SNV,NA,NA,NA,NA,NA,NA,NA,nonsynonymous SNV,NA,NA,NA,NA,NA,NA,NA,NA,NA,NA
ACSL1,NA,NA,NA,NA,NA,NA,NA,NA,NA,NA,NA,NA,NA,NA,NA,NA,NA,NA,NA,NA,NA,NA,NA,NA,NA,NA,NA,NA,NA,NA,NA,NA,NA,NA,NA,NA,nonsynonymous SNV,NA
ACSL3,NA,NA,NA,NA,NA,NA,NA,nonsynonymous SNV,NA,nonsynonymous SNV,NA,NA,NA,NA,NA,NA,NA,NA,NA,NA,NA,NA,NA,NA,NA,NA,NA,NA,NA,NA,NA,NA,NA,NA,NA,NA,NA,NA
ACTB,NA,NA,NA,NA,NA,NA,nonsynonymous SNV,nonsynonymous SNV,NA,nonsynonymous SNV,nonsynonymous SNV,NA,NA,NA,NA,NA,NA,NA,NA,nonsynonymous SNV,NA,NA,NA,NA,NA,NA,NA,NA,NA,NA,NA,NA,NA,NA,NA,NA,NA,NA
ACTG1,NA,NA,NA,NA,NA,NA,NA,NA,NA,NA,NA,NA,NA,NA,NA,NA,NA,NA,NA,nonsynonymous SNV,NA,NA,NA,NA,NA,NA,NA,NA,NA,NA,NA,NA,NA,NA,NA,NA,NA,NA
ACTG2,NA,NA,NA,NA,NA,NA,NA,NA,NA,NA,nonsynonymous SNV,NA,NA,NA,NA,NA,NA,NA,NA,NA,NA,NA,NA,NA,NA,NA,NA,NA,NA,NA,NA,NA,NA,NA,NA,NA,NA,NA
ACTN1,NA,NA,NA,NA,NA,NA,NA,NA,NA,NA,NA,NA,NA,NA,NA,NA,NA,NA,NA,NA,NA,NA,NA,NA,NA,NA,NA,NA,NA,NA,NA,NA,NA,NA,NA,NA,NA,NA
ACTN3,NA,NA,NA,NA,NA,NA,NA,NA,NA,NA,NA,NA,NA,NA,NA,NA,NA,NA,NA,NA,NA,NA,NA,NA,NA,NA,NA,NA,NA,NA,NA,NA,NA,NA,NA,NA,NA,NA
ACTN4,NA,NA,NA,NA,NA,NA,NA,NA,NA,NA,nonsynonymous SNV,NA,NA,NA,nonsynonymous SNV,NA,NA,NA,NA,NA,NA,NA,NA,NA,nonsynonymous SNV,NA,NA,NA,NA,NA,NA,NA,NA,NA,NA,NA,NA,NA
ACTR10,NA,NA,NA,NA,NA,NA,NA,NA,NA,NA,nonsynonymous SNV,NA,NA,NA,NA,NA,NA,NA,NA,NA,NA,NA,NA,NA,NA,NA,NA,NA,NA,NA,NA,NA,NA,NA,NA,NA,NA,NA
ACTR1B,NA,NA,NA,NA,NA,NA,NA,NA,NA,NA,NA,NA,NA,NA,NA,NA,NA,NA,NA,nonsynonymous SNV,NA,NA,NA,NA,NA,NA,NA,NA,NA,NA,NA,NA,NA,NA,NA,NA,NA,NA
ACTR2,NA,NA,NA,NA,NA,NA,NA,NA,NA,NA,NA,NA,NA,NA,NA,NA,NA,NA,NA,nonsynonymous SNV,NA,NA,NA,NA,NA,NA,NA,NA,NA,NA,NA,NA,NA,NA,NA,NA,NA,NA
ACTR3B,NA,NA,NA,NA,NA,NA,nonsynonymous SNV,NA,NA,NA,nonsynonymous SNV,NA,NA,NA,NA,NA,NA,NA,NA,nonsynonymous SNV,NA,NA,NA,NA,NA,NA,NA,NA,NA,NA,NA,NA,NA,NA,NA,NA,NA,NA
ACTR3C,NA,NA,NA,NA,NA,NA,NA,NA,NA,NA,NA,NA,NA,NA,NA,NA,NA,NA,NA,NA,NA,NA,NA,NA,NA,nonsynonymous SNV,NA,NA,NA,NA,NA,NA,NA,NA,NA,NA,NA,NA
ACTR5,NA,nonsynonymous SNV,NA,NA,NA,NA,NA,NA,NA,NA,stopgain,NA,NA,NA,NA,NA,NA,NA,NA,NA,NA,NA,NA,NA,NA,NA,NA,NA,NA,NA,NA,NA,NA,NA,NA,NA,NA,NA
ACVR1,NA,NA,NA,NA,NA,NA,NA,NA,NA,NA,nonsynonymous SNV,NA,NA,NA,NA,NA,NA,NA,NA,NA,NA,NA,NA,NA,NA,NA,NA,NA,NA,NA,NA,NA,NA,NA,NA,NA,NA,NA
ACVR1B,NA,NA,NA,NA,NA,NA,NA,NA,NA,NA,NA,NA,NA,NA,NA,NA,NA,NA,NA,nonsynonymous SNV;stopgain,NA,NA,NA,NA,NA,NA,NA,NA,NA,NA,NA,NA,NA,NA,NA,NA,NA,NA
ACVR2B,NA,NA,NA,NA,NA,NA,NA,NA,NA,NA,NA,NA,NA,NA,NA,NA,NA,NA,NA,NA,NA,NA,nonsynonymous SNV,NA,NA,NA,NA,NA,NA,NA,NA,NA,NA,NA,NA,NA,NA,NA
ACY3,NA,NA,NA,NA,NA,NA,NA,NA,NA,NA,NA,NA,NA,NA,NA,NA,NA,NA,NA,NA,NA,NA,NA,NA,nonsynonymous SNV,NA,NA,NA,NA,NA,NA,NA,NA,NA,NA,NA,NA,NA
ACYP2,NA,NA,NA,NA,NA,NA,NA,NA,NA,NA,NA,NA,NA,NA,NA,NA,NA,NA,NA,NA,NA,NA,NA,NA,NA,NA,NA,NA,NA,NA,NA,NA,NA,NA,NA,NA,NA,NA
ADA,nonsynonymous SNV,NA,NA,nonsynonymous SNV,NA,NA,NA,NA,NA,NA,NA,NA,NA,NA,nonsynonymous SNV,NA,NA,NA,NA,nonsynonymous SNV,NA,NA,NA,NA,NA,NA,NA,NA,NA,NA,NA,NA,NA,NA,NA,NA,NA,NA
ADA2,NA,NA,NA,NA,NA,NA,NA,NA,NA,NA,NA,NA,NA,NA,NA,NA,NA,NA,NA,NA,NA,NA,NA,NA,NA,NA,NA,nonsynonymous SNV,NA,NA,NA,NA,NA,NA,NA,NA,NA,NA
ADAM10,NA,NA,NA,NA,NA,nonsynonymous SNV,NA,NA,NA,NA,NA,NA,NA,NA,NA,NA,NA,NA,NA,NA,NA,NA,NA,NA,NA,NA,NA,NA,NA,NA,NA,NA,NA,NA,NA,NA,NA,NA
ADAM17,NA,NA,NA,NA,NA,NA,NA,nonsynonymous SNV,NA,nonsynonymous SNV,NA,NA,NA,NA,NA,NA,NA,NA,NA,NA,NA,NA,NA,NA,NA,NA,NA,NA,NA,NA,NA,NA,NA,NA,NA,NA,NA,NA
ADAM22,NA,NA,NA,NA,NA,NA,NA,NA,NA,NA,NA,NA,NA,NA,NA,NA,nonsynonymous SNV,NA,NA,NA,NA,NA,NA,NA,NA,NA,NA,NA,NA,NA,NA,NA,NA,NA,NA,NA,NA,NA
ADAM23,NA,NA,NA,NA,NA,NA,NA,NA,NA,NA,NA,NA,NA,NA,NA,NA,NA,NA,NA,NA,NA,nonsynonymous SNV,NA,NA,NA,NA,NA,NA,NA,NA,NA,NA,NA,NA,NA,NA,NA,NA
ADAM28,NA,NA,NA,NA,NA,NA,NA,NA,stopgain,NA,NA,NA,NA,NA,NA,NA,NA,NA,NA,NA,NA,nonsynonymous SNV,NA,NA,NA,NA,NA,NA,NA,NA,NA,NA,NA,NA,NA,NA,NA,NA
ADAM33,NA,NA,NA,NA,NA,NA,NA,NA,NA,NA,NA,NA,NA,NA,NA,NA,NA,NA,NA,stopgain,NA,NA,NA,NA,NA,NA,NA,NA,NA,NA,NA,NA,NA,NA,NA,NA,NA,NA
ADAM8,NA,NA,NA,NA,NA,NA,NA,NA,NA,NA,NA,NA,NA,nonsynonymous SNV,NA,NA,NA,NA,NA,NA,NA,NA,NA,NA,NA,NA,NA,NA,NA,NA,NA,NA,NA,NA,NA,NA,NA,NA
ADAMTS1,NA,NA,NA,NA,NA,NA,NA,NA,NA,NA,NA,NA,NA,NA,NA,NA,NA,NA,NA,nonsynonymous SNV,NA,NA,NA,NA,NA,NA,NA,NA,NA,NA,NA,NA,NA,NA,NA,NA,NA,NA
ADAMTS10,NA,NA,NA,NA,NA,NA,NA,nonsynonymous SNV,NA,nonsynonymous SNV,nonsynonymous SNV,NA,NA,NA,NA,NA,nonsynonymous SNV,NA,NA,NA,NA,NA,NA,NA,NA,NA,NA,NA,NA,NA,NA,NA,NA,NA,NA,NA,NA,NA
ADAMTS17,NA,NA,NA,NA,NA,NA,nonsynonymous SNV,NA,NA,NA,NA,nonsynonymous SNV,NA,NA,nonsynonymous SNV,NA,NA,NA,NA,NA,NA,NA,NA,NA,NA,NA,NA,NA,NA,NA,NA,NA,NA,NA,NA,NA,NA,NA
ADAMTS2,NA,NA,NA,NA,NA,NA,NA,NA,NA,NA,NA,nonsynonymous SNV,NA,NA,NA,NA,NA,NA,NA,NA,NA,NA,NA,NA,NA,NA,NA,NA,NA,NA,NA,NA,NA,NA,NA,NA,NA,NA
ADAMTSL2,nonsynonymous SNV,NA,NA,NA,NA,NA,NA,NA,NA,NA,NA,NA,NA,NA,NA,NA,NA,NA,NA,NA,NA,NA,NA,NA,NA,NA,NA,NA,NA,NA,NA,NA,NA,NA,NA,NA,NA,NA
ADAMTSL5,NA,NA,NA,NA,NA,NA,NA,NA,NA,NA,nonsynonymous SNV,NA,NA,NA,NA,NA,NA,NA,NA,NA,NA,NA,NA,NA,NA,NA,NA,NA,NA,NA,NA,NA,nonsynonymous SNV,NA,NA,NA,NA,NA
ADAR,NA,NA,NA,NA,NA,NA,NA,NA,NA,NA,NA,NA,NA,nonsynonymous SNV,nonsynonymous SNV,NA,NA,NA,NA,NA,NA,NA,NA,NA,NA,NA,NA,NA,NA,NA,NA,NA,NA,NA,NA,NA,NA,NA
ADARB1,NA,NA,NA,NA,NA,NA,NA,NA,NA,NA,nonsynonymous SNV,NA,NA,NA,NA,nonsynonymous SNV,NA,NA,NA,nonsynonymous SNV,NA,NA,NA,NA,NA,NA,NA,NA,NA,NA,NA,NA,NA,NA,nonsynonymous SNV,NA,NA,NA
ADAT1,NA,NA,NA,NA,NA,NA,NA,NA,NA,NA,NA,NA,nonsynonymous SNV,NA,NA,NA,NA,NA,NA,NA,NA,NA,NA,NA,NA,NA,NA,NA,NA,NA,NA,NA,nonsynonymous SNV,NA,NA,NA,NA,NA
ADAT2,NA,NA,NA,NA,NA,NA,NA,NA,NA,NA,NA,NA,NA,NA,NA,NA,NA,NA,NA,nonsynonymous SNV,NA,NA,NA,NA,NA,NA,NA,NA,NA,NA,NA,NA,NA,NA,NA,NA,NA,NA
ADAT3,NA,NA,NA,NA,NA,NA,nonsynonymous SNV,NA,NA,NA,nonsynonymous SNV,NA,NA,NA,NA,NA,NA,NA,NA,nonsynonymous SNV,NA,NA,NA,NA,NA,NA,NA,NA,NA,NA,NA,NA,NA,NA,NA,NA,NA,NA
ADCK1,nonsynonymous SNV,nonsynonymous SNV,NA,NA,NA,NA,NA,NA,NA,NA,nonsynonymous SNV,NA,NA,NA,NA,NA,NA,NA,NA,stopgain,NA,NA,NA,NA,NA,NA,NA,NA,NA,NA,NA,NA,NA,NA,NA,NA,NA,NA
ADCK2,NA,NA,NA,NA,NA,NA,NA,NA,NA,NA,NA,NA,nonsynonymous SNV,NA,NA,NA,NA,NA,NA,NA,NA,NA,NA,NA,NA,NA,NA,NA,NA,NA,NA,NA,NA,NA,NA,NA,NA,NA
ADCK5,nonsynonymous SNV,nonsynonymous SNV,nonsynonymous SNV,nonsynonymous SNV,nonsynonymous SNV,nonsynonymous SNV,nonsynonymous SNV,nonsynonymous SNV,nonsynonymous SNV,nonsynonymous SNV,nonsynonymous SNV,NA,nonsynonymous SNV,NA,nonsynonymous SNV,nonsynonymous SNV,nonsynonymous SNV,nonsynonymous SNV,nonsynonymous SNV,nonsynonymous SNV,nonsynonymous SNV,nonsynonymous SNV,NA,nonsynonymous SNV,nonsynonymous SNV,NA,nonsynonymous SNV,nonsynonymous SNV,nonsynonymous SNV,NA,nonsynonymous SNV,NA,nonsynonymous SNV,nonsynonymous SNV,nonsynonymous SNV,nonsynonymous SNV,nonsynonymous SNV,NA
ADCY3,NA,NA,NA,NA,NA,NA,NA,NA,NA,NA,NA,NA,NA,NA,NA,NA,NA,NA,NA,nonsynonymous SNV,NA,NA,NA,NA,NA,NA,NA,NA,NA,NA,NA,NA,NA,NA,NA,NA,NA,NA
ADCY7,NA,NA,NA,NA,NA,NA,NA,NA,NA,NA,NA,NA,NA,NA,NA,NA,NA,NA,NA,nonsynonymous SNV,nonsynonymous SNV,NA,NA,NA,NA,NA,NA,NA,NA,NA,NA,NA,NA,NA,NA,NA,NA,NA
ADCY9,NA,NA,NA,NA,NA,NA,NA,NA,NA,NA,nonsynonymous SNV,NA,NA,NA,NA,NA,NA,NA,NA,NA,NA,NA,NA,NA,NA,NA,NA,NA,NA,NA,NA,NA,NA,NA,NA,NA,NA,NA
ADD1,NA,NA,NA,NA,NA,NA,NA,NA,NA,NA,nonsynonymous SNV,NA,NA,NA,NA,NA,NA,nonsynonymous SNV,NA,NA,NA,NA,NA,NA,NA,NA,nonsynonymous SNV,nonsynonymous SNV,NA,NA,NA,NA,NA,NA,NA,NA,NA,NA
ADD3,NA,NA,NA,NA,NA,NA,stopgain,NA,NA,NA,NA,NA,NA,NA,NA,NA,NA,NA,NA,NA,NA,NA,NA,NA,NA,NA,NA,NA,NA,NA,NA,NA,NA,NA,NA,NA,NA,NA
ADGRA2,NA,NA,NA,NA,NA,NA,NA,NA,NA,NA,NA,NA,NA,NA,nonsynonymous SNV,NA,NA,NA,NA,NA,NA,NA,NA,NA,NA,NA,NA,NA,NA,NA,NA,NA,NA,NA,NA,NA,NA,NA
ADGRA3,NA,NA,NA,NA,NA,NA,NA,NA,NA,NA,NA,NA,NA,NA,NA,NA,NA,NA,NA,nonsynonymous SNV,NA,NA,NA,NA,NA,NA,NA,NA,NA,NA,NA,NA,NA,NA,NA,NA,NA,NA
ADGRB2,NA,NA,NA,NA,NA,NA,nonsynonymous SNV,NA,NA,NA,nonsynonymous SNV,NA,NA,NA,NA,NA,NA,NA,NA,nonsynonymous SNV,NA,NA,NA,NA,NA,NA,NA,NA,NA,NA,NA,NA,NA,NA,NA,NA,NA,NA
ADGRE2,NA,NA,nonsynonymous SNV,NA,NA,NA,NA,NA,nonsynonymous SNV,NA,nonsynonymous SNV,NA,NA,NA,NA,NA,NA,NA,NA,NA,NA,NA,nonsynonymous SNV,NA,NA,NA,NA,NA,NA,NA,NA,stopgain,NA,NA,nonsynonymous SNV,NA,nonsynonymous SNV,NA
ADGRE5,NA,NA,NA,NA,NA,NA,nonsynonymous SNV,NA,NA,NA,nonsynonymous SNV,NA,NA,nonsynonymous SNV,NA,NA,nonsynonymous SNV,NA,NA,nonsynonymous SNV,NA,NA,NA,NA,NA,NA,NA,NA,NA,NA,NA,NA,NA,NA,NA,NA,NA,NA
ADGRF4,NA,NA,NA,nonsynonymous SNV,NA,NA,NA,NA,NA,NA,NA,NA,NA,NA,NA,NA,NA,NA,NA,NA,NA,NA,NA,NA,NA,NA,NA,NA,NA,NA,NA,NA,NA,NA,NA,NA,NA,NA
ADGRG1,NA,NA,NA,NA,NA,NA,NA,NA,NA,NA,nonsynonymous SNV,NA,NA,NA,nonsynonymous SNV,NA,NA,NA,NA,nonsynonymous SNV,NA,NA,NA,NA,NA,NA,NA,NA,NA,NA,NA,NA,NA,NA,NA,NA,NA,NA
ADGRL1,NA,NA,NA,NA,NA,NA,NA,NA,NA,NA,nonsynonymous SNV,NA,NA,NA,NA,NA,NA,NA,NA,nonsynonymous SNV,NA,NA,NA,NA,NA,NA,NA,NA,NA,NA,NA,NA,NA,NA,NA,NA,NA,NA
ADGRL2,NA,NA,nonsynonymous SNV,NA,NA,NA,NA,NA,NA,NA,NA,NA,NA,NA,NA,NA,NA,NA,NA,NA,NA,NA,NA,NA,NA,NA,NA,NA,nonsynonymous SNV,NA,NA,NA,NA,NA,NA,NA,NA,NA
ADI1,NA,NA,NA,NA,NA,NA,NA,NA,NA,NA,NA,NA,NA,NA,NA,NA,NA,NA,NA,nonsynonymous SNV,NA,NA,NA,NA,NA,NA,NA,NA,NA,NA,NA,NA,NA,NA,NA,NA,NA,NA
ADK,NA,NA,NA,NA,NA,NA,NA,NA,NA,NA,NA,NA,NA,NA,nonsynonymous SNV,NA,NA,NA,NA,NA,NA,NA,NA,NA,NA,NA,NA,NA,NA,NA,nonsynonymous SNV,NA,NA,NA,NA,NA,NA,NA
ADM,NA,NA,NA,NA,NA,NA,NA,NA,NA,NA,NA,NA,NA,NA,NA,NA,NA,NA,NA,nonsynonymous SNV,NA,NA,NA,NA,NA,NA,NA,NA,NA,NA,NA,NA,NA,NA,NA,NA,NA,NA
ADM2,NA,NA,NA,NA,NA,NA,NA,NA,NA,NA,nonsynonymous SNV,NA,NA,NA,NA,NA,NA,NA,NA,NA,NA,NA,NA,NA,NA,NA,NA,NA,NA,NA,NA,NA,NA,NA,NA,NA,NA,NA
ADM5,NA,NA,NA,NA,NA,nonsynonymous SNV,NA,NA,NA,NA,NA,NA,NA,NA,NA,NA,NA,NA,NA,NA,NA,NA,NA,NA,NA,NA,NA,NA,NA,NA,NA,NA,NA,NA,NA,NA,NA,NA
ADNP2,NA,NA,nonsynonymous SNV,NA,NA,NA,NA,NA,NA,NA,NA,NA,NA,NA,NA,NA,NA,NA,NA,nonsynonymous SNV,NA,NA,NA,NA,NA,NA,NA,NA,NA,NA,NA,NA,NA,NA,NA,NA,NA,NA
ADPGK,NA,NA,NA,NA,NA,NA,NA,NA,NA,NA,NA,NA,NA,NA,NA,nonsynonymous SNV,NA,NA,NA,NA,NA,NA,NA,NA,NA,NA,NA,NA,NA,NA,NA,NA,NA,NA,NA,NA,NA,NA
ADPRHL1,NA,NA,NA,NA,NA,NA,NA,NA,NA,NA,NA,NA,NA,NA,NA,NA,NA,NA,NA,NA,NA,NA,NA,NA,NA,NA,NA,NA,nonsynonymous SNV,NA,NA,NA,NA,NA,NA,NA,NA,NA
ADPRHL2,NA,NA,NA,NA,NA,NA,NA,NA,NA,NA,NA,NA,NA,NA,NA,NA,NA,NA,NA,stopgain,NA,NA,NA,NA,NA,NA,NA,NA,NA,NA,NA,NA,NA,NA,NA,NA,NA,NA
ADRB2,NA,NA,NA,NA,NA,nonsynonymous SNV,NA,NA,NA,NA,NA,NA,NA,NA,NA,NA,NA,NA,NA,NA,NA,NA,NA,NA,NA,NA,NA,NA,NA,NA,NA,NA,NA,NA,NA,NA,NA,NA
ADSL,NA,NA,NA,NA,NA,NA,NA,NA,NA,NA,NA,NA,NA,NA,NA,NA,NA,NA,NA,NA,NA,NA,NA,NA,nonsynonymous SNV,NA,NA,NA,NA,NA,NA,NA,NA,NA,NA,NA,NA,NA
AEBP1,NA,NA,NA,NA,NA,NA,nonsynonymous SNV,NA,NA,NA,nonsynonymous SNV,NA,NA,NA,nonsynonymous SNV,NA,NA,NA,NA,nonsynonymous SNV;stopgain,NA,NA,NA,NA,NA,NA,NA,NA,NA,NA,NA,NA,NA,NA,NA,NA,NA,NA
AEBP2,NA,NA,NA,NA,NA,NA,NA,nonsynonymous SNV,NA,nonsynonymous SNV,NA,NA,NA,NA,NA,NA,NA,NA,NA,NA,NA,NA,NA,NA,NA,NA,NA,NA,NA,NA,NA,NA,NA,NA,NA,NA,NA,NA
AEN,NA,nonsynonymous SNV,NA,NA,NA,NA,NA,NA,NA,NA,NA,NA,NA,NA,nonsynonymous SNV,NA,NA,NA,NA,nonsynonymous SNV,NA,NA,NA,NA,NA,NA,NA,nonsynonymous SNV,NA,NA,NA,NA,NA,NA,NA,NA,NA,NA
AFAP1,NA,NA,NA,NA,NA,NA,NA,NA,NA,NA,NA,NA,NA,NA,NA,NA,NA,NA,NA,NA,NA,nonsynonymous SNV,NA,NA,NA,NA,NA,NA,NA,NA,NA,NA,NA,NA,NA,NA,NA,NA
AFAP1L2,NA,NA,NA,NA,NA,NA,NA,NA,NA,NA,NA,NA,NA,NA,NA,NA,nonsynonymous SNV,NA,NA,NA,NA,NA,NA,NA,NA,NA,NA,NA,NA,NA,NA,NA,NA,NA,NA,NA,NA,NA
AFDN,NA,NA,NA,NA,NA,NA,NA,NA,NA,NA,nonsynonymous SNV,NA,NA,NA,NA,NA,NA,nonsynonymous SNV,nonsynonymous SNV,NA,NA,NA,NA,NA,NA,NA,NA,NA,NA,NA,NA,NA,NA,NA,NA,NA,NA,NA
AFF1,NA,NA,NA,NA,NA,NA,NA,NA,NA,NA,NA,NA,NA,NA,NA,NA,NA,NA,NA,NA,NA,NA,NA,NA,NA,NA,NA,NA,nonsynonymous SNV,NA,NA,NA,NA,nonsynonymous SNV,NA,NA,NA,NA
AFF2,NA,NA,NA,NA,NA,NA,NA,NA,NA,NA,NA,NA,NA,NA,NA,NA,nonsynonymous SNV,NA,NA,NA,NA,NA,NA,NA,NA,NA,NA,NA,NA,nonsynonymous SNV,NA,NA,NA,NA,NA,NA,NA,NA
AFF3,NA,NA,NA,NA,NA,NA,NA,NA,NA,NA,nonsynonymous SNV,NA,NA,NA,nonsynonymous SNV,NA,NA,NA,NA,NA,NA,NA,NA,NA,NA,NA,NA,NA,NA,NA,NA,NA,NA,NA,NA,NA,NA,NA
AFF4,NA,NA,NA,NA,NA,NA,NA,NA,NA,NA,nonsynonymous SNV,NA,NA,NA,NA,NA,NA,NA,NA,nonsynonymous SNV,NA,NA,NA,NA,NA,NA,NA,NA,nonsynonymous SNV,NA,NA,NA,NA,NA,NA,NA,NA,NA
AFG3L2,NA,NA,NA,NA,NA,NA,NA,NA,NA,NA,nonsynonymous SNV,NA,NA,NA,nonsynonymous SNV,NA,NA,NA,NA,NA,NA,NA,NA,NA,NA,NA,NA,NA,NA,NA,NA,NA,NA,NA,NA,NA,NA,NA
AFMID,NA,NA,NA,NA,NA,NA,NA,NA,NA,NA,NA,NA,NA,NA,NA,NA,NA,NA,NA,nonsynonymous SNV,NA,NA,NA,NA,NA,NA,nonsynonymous SNV,NA,NA,NA,NA,NA,NA,NA,NA,NA,NA,NA
AFP,NA,NA,NA,NA,NA,NA,NA,NA,NA,NA,NA,NA,NA,NA,NA,NA,NA,NA,NA,NA,NA,NA,NA,NA,NA,NA,NA,NA,NA,NA,nonsynonymous SNV,NA,NA,NA,NA,NA,NA,NA
AFTPH,NA,NA,NA,NA,NA,NA,NA,NA,NA,NA,NA,NA,NA,NA,NA,NA,NA,NA,NA,NA,nonsynonymous SNV,NA,NA,NA,NA,NA,NA,nonsynonymous SNV,NA,NA,NA,NA,NA,NA,NA,NA,NA,NA
AGAP2,NA,NA,NA,NA,NA,NA,NA,NA,NA,NA,nonsynonymous SNV,NA,NA,NA,NA,NA,NA,NA,NA,nonsynonymous SNV,NA,NA,NA,NA,NA,NA,NA,NA,NA,nonsynonymous SNV,NA,NA,NA,NA,NA,NA,NA,NA
AGAP3,NA,NA,NA,NA,NA,NA,nonsynonymous SNV,NA,NA,NA,NA,NA,NA,NA,NA,NA,NA,NA,NA,nonsynonymous SNV,NA,NA,NA,NA,NA,NA,NA,NA,NA,NA,NA,NA,NA,NA,NA,NA,NA,NA
AGAP4,NA,NA,NA,NA,NA,NA,NA,NA,NA,NA,nonsynonymous SNV,NA,NA,NA,NA,NA,NA,NA,NA,NA,NA,NA,NA,NA,NA,NA,NA,NA,NA,NA,NA,NA,NA,NA,nonsynonymous SNV,NA,NA,NA
AGAP5,NA,NA,NA,nonsynonymous SNV,NA,NA,NA,NA,NA,NA,nonsynonymous SNV,NA,NA,NA,NA,NA,NA,nonsynonymous SNV,NA,NA,NA,NA,NA,NA,NA,NA,NA,NA,NA,NA,NA,NA,NA,NA,NA,NA,nonsynonymous SNV,NA
AGAP6,NA,NA,NA,NA,NA,NA,NA,NA,NA,NA,NA,NA,NA,NA,NA,nonsynonymous SNV,NA,NA,NA,NA,NA,NA,NA,NA,NA,NA,nonsynonymous SNV,NA,NA,NA,NA,NA,nonsynonymous SNV,NA,NA,NA,NA,NA
AGAP9,NA,NA,nonsynonymous SNV,NA,NA,NA,NA,NA,nonsynonymous SNV,NA,nonsynonymous SNV,NA,NA,nonsynonymous SNV,NA,NA,NA,NA,NA,NA,NA,NA,NA,NA,nonsynonymous SNV,NA,NA,NA,NA,NA,NA,NA,nonsynonymous SNV,NA,NA,nonsynonymous SNV,NA,NA
AGBL5,NA,NA,NA,NA,NA,NA,NA,NA,NA,NA,NA,NA,NA,NA,nonsynonymous SNV,NA,NA,NA,NA,nonsynonymous SNV,NA,NA,NA,NA,NA,NA,NA,NA,NA,NA,NA,NA,NA,NA,NA,NA,NA,NA
AGER,NA,NA,NA,NA,NA,NA,NA,NA,NA,NA,NA,NA,NA,NA,NA,NA,NA,NA,NA,NA,NA,NA,NA,NA,NA,NA,NA,NA,NA,NA,NA,NA,NA,NA,NA,NA,NA,NA
AGFG2,NA,NA,NA,NA,NA,NA,NA,NA,NA,NA,NA,NA,NA,NA,NA,NA,NA,NA,NA,NA,NA,NA,NA,NA,NA,NA,NA,NA,NA,NA,NA,NA,NA,NA,NA,NA,NA,NA
AGGF1,NA,nonsynonymous SNV,NA,NA,NA,NA,NA,NA,NA,NA,NA,NA,NA,NA,NA,NA,NA,NA,NA,NA,NA,NA,nonsynonymous SNV,NA,NA,NA,NA,NA,NA,NA,NA,NA,NA,NA,NA,NA,NA,NA
AGK,NA,NA,NA,NA,NA,NA,NA,NA,NA,NA,NA,NA,NA,NA,NA,NA,NA,NA,NA,NA,NA,NA,NA,NA,NA,NA,NA,NA,NA,NA,NA,NA,NA,NA,NA,nonsynonymous SNV,NA,NA
AGL,NA,NA,NA,NA,NA,NA,nonsynonymous SNV,NA,NA,NA,NA,NA,NA,NA,NA,NA,NA,NA,NA,nonsynonymous SNV,NA,NA,NA,NA,NA,NA,NA,nonsynonymous SNV,NA,NA,NA,NA,NA,NA,NA,NA,NA,NA
AGO1,NA,NA,NA,nonsynonymous SNV,nonsynonymous SNV,NA,NA,NA,NA,NA,NA,NA,NA,NA,NA,NA,NA,NA,NA,NA,NA,NA,NA,NA,NA,NA,NA,NA,NA,NA,NA,NA,NA,NA,NA,NA,NA,NA
AGO2,NA,NA,NA,NA,NA,NA,nonsynonymous SNV,NA,NA,NA,nonsynonymous SNV,NA,NA,NA,NA,NA,NA,NA,NA,nonsynonymous SNV,NA,NA,NA,NA,NA,NA,NA,NA,NA,NA,NA,NA,NA,NA,NA,NA,NA,NA
AGO3,NA,NA,NA,NA,NA,NA,NA,NA,NA,NA,nonsynonymous SNV,NA,NA,NA,NA,NA,NA,NA,NA,NA,NA,NA,NA,NA,NA,NA,NA,NA,NA,NA,NA,NA,NA,NA,NA,NA,NA,NA
AGPAT3,NA,NA,NA,NA,NA,NA,NA,NA,NA,NA,NA,NA,NA,NA,NA,NA,NA,nonsynonymous SNV,NA,NA,NA,NA,NA,NA,NA,NA,NA,NA,NA,NA,NA,NA,NA,NA,NA,NA,NA,NA
AGPS,NA,NA,NA,NA,NA,NA,NA,NA,NA,NA,NA,NA,NA,NA,nonsynonymous SNV,NA,NA,NA,NA,NA,NA,NA,NA,NA,NA,NA,NA,NA,NA,NA,NA,NA,NA,NA,NA,NA,NA,NA
AGRN,NA,NA,NA,NA,NA,NA,NA,NA,NA,NA,NA,NA,NA,NA,NA,nonsynonymous SNV,NA,NA,NA,NA,NA,NA,NA,NA,NA,NA,NA,NA,NA,nonsynonymous SNV,NA,NA,NA,NA,NA,NA,NA,NA
AGTPBP1,NA,NA,NA,NA,NA,NA,NA,NA,NA,NA,NA,NA,NA,NA,NA,NA,NA,NA,NA,nonsynonymous SNV,NA,NA,NA,NA,NA,NA,NA,NA,NA,NA,NA,NA,NA,NA,NA,NA,NA,NA
AHCTF1,NA,nonsynonymous SNV,NA,NA,NA,NA,NA,NA,NA,NA,NA,nonsynonymous SNV,NA,NA,nonsynonymous SNV,NA,NA,NA,NA,NA,NA,NA,NA,NA,NA,NA,nonsynonymous SNV,NA,NA,NA,NA,NA,NA,NA,NA,NA,NA,NA
AHCY,NA,NA,NA,NA,NA,NA,NA,NA,nonsynonymous SNV,NA,NA,NA,NA,NA,NA,NA,NA,NA,NA,NA,NA,NA,NA,NA,NA,NA,NA,NA,NA,NA,NA,NA,NA,NA,NA,NA,NA,NA
AHDC1,NA,nonsynonymous SNV,NA,NA,NA,NA,nonsynonymous SNV,NA,NA,NA,nonsynonymous SNV,NA,NA,NA,NA,NA,NA,NA,NA,nonsynonymous SNV,NA,NA,NA,NA,NA,NA,NA,NA,NA,NA,NA,NA,NA,NA,NA,NA,NA,NA
AHI1,NA,NA,NA,NA,NA,nonsynonymous SNV,NA,NA,NA,NA,nonsynonymous SNV,NA,NA,NA,NA,NA,NA,NA,NA,NA,NA,NA,NA,NA,NA,NA,NA,NA,NA,NA,NA,NA,NA,NA,NA,NA,NA,NA
AHNAK,NA,nonsynonymous SNV,NA,NA,NA,NA,NA,NA,NA,NA,NA,NA,nonsynonymous SNV,NA,NA,NA,NA,NA,NA,NA,NA,nonsynonymous SNV,NA,NA,NA,nonsynonymous SNV,NA,nonsynonymous SNV,NA,NA,NA,NA,NA,NA,NA,NA,nonsynonymous SNV,NA
AHR,NA,NA,NA,NA,NA,NA,NA,NA,NA,NA,NA,NA,NA,NA,NA,nonsynonymous SNV,NA,NA,NA,NA,NA,NA,NA,NA,NA,NA,NA,NA,NA,NA,NA,NA,NA,NA,NA,NA,NA,NA
AHRR,NA,NA,NA,NA,NA,NA,NA,NA,NA,NA,nonsynonymous SNV,NA,NA,NA,NA,NA,NA,NA,NA,NA,NA,NA,NA,NA,NA,NA,NA,NA,NA,NA,NA,NA,NA,NA,NA,NA,NA,NA
AIG1,NA,NA,NA,NA,nonsynonymous SNV,NA,NA,NA,NA,nonsynonymous SNV,NA,NA,NA,NA,NA,NA,NA,NA,NA,NA,NA,NA,NA,NA,NA,NA,NA,NA,NA,NA,nonsynonymous SNV,NA,NA,NA,NA,NA,NA,NA
AIMP1,NA,NA,NA,NA,NA,NA,NA,NA,NA,NA,nonsynonymous SNV,NA,NA,NA,NA,NA,NA,NA,NA,nonsynonymous SNV,NA,NA,NA,NA,NA,NA,NA,NA,NA,NA,NA,NA,NA,NA,NA,NA,NA,NA
AIMP2,NA,NA,NA,NA,NA,NA,NA,NA,NA,NA,nonsynonymous SNV,NA,NA,NA,NA,NA,NA,NA,NA,NA,NA,NA,NA,NA,NA,NA,NA,NA,NA,NA,NA,NA,NA,NA,NA,NA,NA,NA
AIP,NA,NA,NA,NA,NA,nonsynonymous SNV,nonsynonymous SNV,NA,NA,NA,NA,NA,NA,NA,NA,NA,NA,NA,NA,nonsynonymous SNV,NA,NA,NA,NA,NA,NA,NA,NA,NA,NA,NA,NA,NA,NA,NA,NA,NA,NA
AJUBA,NA,NA,NA,NA,NA,NA,NA,NA,NA,NA,NA,NA,NA,NA,NA,NA,NA,NA,NA,nonsynonymous SNV,NA,NA,NA,NA,NA,NA,NA,NA,NA,NA,NA,NA,NA,NA,NA,NA,NA,NA
AK2,NA,NA,NA,NA,NA,NA,nonsynonymous SNV,NA,NA,NA,nonsynonymous SNV,NA,NA,NA,NA,NA,NA,NA,NA,NA,NA,NA,NA,NA,NA,NA,NA,NA,NA,NA,NA,NA,NA,NA,NA,nonsynonymous SNV,NA,NA
AK4,NA,NA,NA,NA,NA,NA,NA,NA,NA,NA,nonsynonymous SNV,NA,NA,NA,NA,NA,NA,NA,NA,NA,NA,NA,NA,NA,NA,NA,NA,NA,NA,NA,NA,NA,NA,NA,NA,NA,NA,NA
AK7,NA,NA,NA,NA,NA,NA,NA,NA,NA,NA,NA,NA,NA,NA,NA,NA,NA,NA,NA,NA,NA,NA,NA,NA,NA,NA,NA,NA,NA,NA,NA,NA,NA,nonsynonymous SNV,NA,NA,NA,NA
AK8,NA,NA,NA,NA,NA,NA,NA,NA,NA,NA,nonsynonymous SNV,NA,NA,NA,NA,NA,NA,NA,NA,NA,NA,NA,NA,NA,NA,NA,NA,NA,NA,NA,NA,NA,NA,NA,NA,NA,NA,NA
AK9,NA,NA,NA,NA,NA,NA,NA,NA,NA,NA,NA,NA,NA,NA,NA,NA,NA,NA,NA,NA,NA,NA,NA,NA,NA,NA,NA,NA,NA,NA,NA,NA,NA,NA,NA,NA,NA,nonsynonymous SNV
AKAP1,NA,NA,NA,NA,NA,NA,NA,nonsynonymous SNV,NA,nonsynonymous SNV,NA,NA,NA,NA,NA,NA,nonsynonymous SNV,NA,NA,nonsynonymous SNV,NA,NA,NA,NA,NA,NA,NA,NA,NA,NA,NA,NA,NA,NA,NA,NA,nonsynonymous SNV,NA
AKAP11,NA,NA,NA,NA,NA,NA,nonsynonymous SNV,nonsynonymous SNV,NA,nonsynonymous SNV,NA,NA,nonsynonymous SNV,NA,nonsynonymous SNV,NA,NA,NA,NA,NA,nonsynonymous SNV,NA,stopgain,NA,NA,NA,NA,NA,NA,NA,NA,NA,NA,NA,NA,NA,NA,NA
AKAP13,NA,NA,NA,NA,NA,nonsynonymous SNV,NA,NA,NA,NA,nonsynonymous SNV,NA,NA,nonsynonymous SNV,NA,NA,NA,NA,NA,NA,NA,NA,NA,NA,NA,NA,NA,NA,NA,NA,nonsynonymous SNV,NA,NA,NA,NA,NA,NA,NA
AKAP17A,NA,NA,NA,NA,NA,NA,NA,NA,NA,NA,nonsynonymous SNV,NA,NA,NA,nonsynonymous SNV,NA,NA,NA,NA,nonsynonymous SNV,NA,NA,NA,NA,NA,NA,NA,NA,NA,NA,NA,NA,NA,NA,NA,NA,NA,NA
AKAP2;PALM2-AKAP2,NA,NA,NA,NA,NA,NA,NA,NA,nonsynonymous SNV,NA,NA,NA,NA,NA,NA,NA,NA,NA,NA,nonsynonymous SNV,NA,nonsynonymous SNV,NA,NA,NA,NA,NA,NA,NA,NA,NA,NA,NA,NA,NA,NA,NA,NA
AKAP7,NA,NA,NA,NA,NA,NA,NA,NA,NA,NA,NA,NA,NA,NA,NA,NA,nonsynonymous SNV,NA,NA,NA,NA,NA,NA,NA,NA,NA,NA,NA,NA,NA,NA,NA,NA,NA,NA,NA,NA,NA
AKAP8,NA,NA,NA,NA,NA,NA,NA,NA,NA,NA,NA,NA,NA,NA,NA,NA,NA,NA,NA,nonsynonymous SNV,NA,NA,NA,nonsynonymous SNV,NA,NA,NA,NA,NA,NA,NA,nonsynonymous SNV,NA,NA,NA,NA,nonsynonymous SNV,NA
AKAP9,NA,NA,NA,NA,NA,NA,nonsynonymous SNV,NA,nonsynonymous SNV,NA,nonsynonymous SNV,NA,NA,nonsynonymous SNV,nonsynonymous SNV,NA,NA,NA,NA,nonsynonymous SNV,NA,NA,NA,NA,NA,NA,NA,NA,NA,NA,NA,NA,nonsynonymous SNV,NA,NA,NA,nonsynonymous SNV,nonsynonymous SNV
AKIRIN1,NA,NA,NA,NA,NA,NA,NA,NA,NA,NA,NA,NA,NA,NA,NA,NA,NA,NA,NA,NA,NA,NA,NA,NA,NA,NA,NA,NA,NA,NA,NA,NA,NA,NA,NA,NA,nonsynonymous SNV,NA
AKNA,NA,NA,NA,NA,NA,NA,NA,NA,NA,NA,NA,nonsynonymous SNV,NA,NA,NA,NA,NA,NA,NA,nonsynonymous SNV,NA,NA,NA,NA,NA,NA,NA,NA,NA,NA,NA,NA,NA,NA,NA,NA,NA,nonsynonymous SNV
AKR1A1,NA,NA,NA,NA,NA,NA,NA,NA,NA,NA,NA,NA,NA,NA,NA,NA,NA,NA,NA,NA,NA,NA,NA,NA,NA,NA,NA,NA,NA,NA,NA,NA,NA,NA,NA,NA,nonsynonymous SNV,NA
AKR1C3,NA,NA,NA,NA,NA,NA,NA,NA,NA,NA,NA,NA,NA,NA,NA,NA,NA,NA,NA,NA,NA,NA,NA,NA,NA,NA,NA,NA,nonsynonymous SNV,NA,NA,NA,NA,NA,NA,NA,NA,NA
AKT1,NA,NA,NA,NA,NA,NA,NA,NA,NA,NA,NA,NA,NA,NA,NA,NA,NA,NA,NA,NA,NA,NA,NA,NA,NA,NA,NA,NA,NA,NA,NA,NA,NA,NA,NA,NA,NA,NA
AKT1S1,NA,NA,NA,NA,NA,NA,nonsynonymous SNV,NA,NA,NA,NA,NA,NA,NA,NA,NA,NA,NA,NA,NA,NA,NA,NA,NA,NA,NA,NA,NA,NA,NA,NA,NA,NA,NA,NA,NA,NA,NA
AKT2,NA,NA,nonsynonymous SNV,NA,NA,NA,NA,NA,NA,NA,NA,NA,NA,NA,NA,NA,NA,NA,NA,NA,NA,NA,NA,NA,NA,NA,NA,NA,NA,NA,NA,NA,NA,NA,NA,NA,NA,NA
ALAD,NA,NA,NA,NA,NA,NA,NA,NA,NA,NA,nonsynonymous SNV,NA,NA,NA,NA,NA,NA,NA,NA,nonsynonymous SNV,NA,NA,NA,NA,NA,NA,NA,NA,NA,NA,NA,NA,NA,NA,NA,NA,NA,NA
ALAS1,NA,NA,NA,NA,NA,NA,NA,NA,NA,NA,NA,NA,NA,NA,NA,NA,NA,NA,NA,nonsynonymous SNV,NA,NA,NA,NA,NA,NA,NA,NA,NA,NA,NA,NA,NA,NA,NA,NA,NA,NA
ALCAM,NA,NA,NA,NA,nonsynonymous SNV,NA,NA,NA,NA,NA,NA,NA,NA,NA,NA,NA,NA,NA,NA,NA,NA,NA,NA,NA,NA,NA,NA,NA,NA,NA,NA,NA,NA,NA,NA,NA,NA,NA
ALDH16A1,NA,nonsynonymous SNV,NA,nonsynonymous SNV,nonsynonymous SNV,NA,nonsynonymous SNV,NA,NA,NA,nonsynonymous SNV,NA,NA,NA,nonsynonymous SNV,nonsynonymous SNV,NA,NA,NA,nonsynonymous SNV,NA,NA,nonsynonymous SNV,NA,NA,NA,NA,NA,NA,NA,nonsynonymous SNV,NA,NA,NA,NA,NA,NA,NA
ALDH18A1,NA,nonsynonymous SNV,NA,NA,NA,NA,NA,NA,NA,NA,nonsynonymous SNV,NA,NA,NA,nonsynonymous SNV,NA,NA,NA,NA,NA,NA,NA,NA,NA,NA,NA,NA,NA,NA,nonsynonymous SNV,NA,NA,NA,NA,NA,NA,NA,NA
ALDH1B1,NA,NA,NA,NA,NA,NA,NA,NA,NA,NA,NA,NA,NA,NA,NA,NA,NA,NA,NA,NA,NA,NA,NA,NA,NA,NA,NA,NA,NA,nonsynonymous SNV,NA,NA,NA,NA,NA,NA,NA,NA
ALDH3A2,NA,NA,NA,NA,NA,NA,NA,NA,NA,NA,nonsynonymous SNV,NA,NA,NA,NA,NA,NA,NA,NA,NA,NA,NA,NA,NA,NA,NA,NA,NA,NA,NA,NA,NA,NA,NA,NA,NA,NA,NA
ALDH3B2,NA,NA,NA,NA,NA,NA,NA,NA,NA,NA,NA,NA,NA,NA,NA,NA,NA,NA,NA,nonsynonymous SNV,NA,NA,NA,NA,NA,NA,NA,NA,NA,NA,NA,NA,NA,NA,NA,NA,NA,NA
ALDH4A1,NA,nonsynonymous SNV,NA,NA,NA,NA,NA,NA,NA,NA,NA,NA,NA,NA,NA,NA,NA,NA,NA,NA,NA,NA,NA,NA,NA,nonsynonymous SNV,NA,NA,NA,NA,NA,NA,NA,NA,NA,NA,NA,NA
ALDH6A1,NA,nonsynonymous SNV,NA,NA,NA,NA,NA,NA,NA,NA,NA,NA,NA,NA,NA,NA,NA,NA,NA,NA,NA,NA,NA,NA,NA,NA,NA,NA,NA,NA,NA,NA,NA,NA,NA,NA,NA,NA
ALDH9A1,NA,NA,NA,NA,NA,NA,NA,NA,NA,NA,NA,NA,NA,NA,NA,NA,NA,NA,NA,NA,NA,NA,NA,NA,NA,NA,NA,NA,NA,NA,NA,NA,NA,NA,NA,NA,NA,nonsynonymous SNV
ALDOA,NA,NA,NA,NA,NA,NA,NA,NA,NA,NA,nonsynonymous SNV,NA,NA,NA,nonsynonymous SNV,NA,NA,NA,NA,nonsynonymous SNV,NA,NA,NA,NA,NA,NA,NA,NA,NA,NA,NA,NA,NA,NA,NA,NA,NA,NA
ALDOC,NA,NA,NA,NA,NA,NA,NA,NA,NA,NA,nonsynonymous SNV,NA,NA,NA,NA,NA,NA,NA,NA,NA,NA,NA,NA,NA,NA,NA,NA,NA,NA,NA,NA,NA,NA,NA,NA,NA,NA,NA
ALG1,NA,NA,NA,NA,NA,NA,NA,NA,NA,NA,NA,NA,NA,nonsynonymous SNV,NA,NA,NA,NA,NA,NA,NA,NA,NA,NA,NA,NA,NA,NA,NA,NA,NA,NA,NA,NA,NA,NA,NA,NA
ALG11,NA,NA,NA,NA,NA,NA,NA,NA,NA,NA,NA,NA,NA,NA,NA,NA,NA,NA,NA,NA,NA,NA,NA,NA,NA,NA,NA,NA,NA,NA,NA,NA,nonsynonymous SNV,NA,NA,NA,NA,NA
ALG12,NA,NA,NA,NA,NA,nonsynonymous SNV,NA,NA,NA,NA,NA,NA,NA,NA,nonsynonymous SNV,NA,NA,NA,NA,NA,NA,NA,NA,NA,NA,NA,NA,NA,NA,NA,NA,NA,NA,NA,NA,NA,NA,NA
ALG1L2,NA,NA,NA,NA,NA,NA,NA,NA,NA,NA,NA,NA,NA,NA,NA,NA,NA,NA,NA,NA,NA,NA,NA,NA,NA,NA,NA,NA,NA,NA,NA,NA,nonsynonymous SNV,NA,NA,NA,NA,NA
ALG6,NA,NA,NA,NA,NA,NA,NA,NA,NA,NA,NA,NA,NA,NA,nonsynonymous SNV,NA,NA,NA,NA,NA,NA,NA,NA,NA,NA,NA,NA,NA,NA,NA,NA,NA,NA,NA,NA,NA,NA,NA
ALG8,NA,NA,NA,NA,NA,NA,NA,NA,NA,NA,NA,nonsynonymous SNV,NA,NA,NA,NA,NA,NA,NA,NA,NA,NA,NA,NA,NA,NA,NA,NA,NA,NA,NA,NA,NA,NA,NA,NA,NA,NA
ALG9,NA,NA,NA,NA,NA,NA,NA,nonsynonymous SNV,NA,nonsynonymous SNV,NA,NA,NA,NA,nonsynonymous SNV,NA,NA,NA,NA,nonsynonymous SNV,NA,NA,NA,NA,NA,NA,NA,NA,NA,NA,NA,NA,NA,NA,NA,NA,NA,NA
ALKBH1,NA,NA,NA,NA,NA,NA,NA,NA,NA,NA,NA,NA,NA,NA,NA,NA,NA,NA,NA,NA,NA,nonsynonymous SNV,NA,NA,NA,NA,NA,NA,NA,NA,NA,NA,NA,NA,NA,NA,NA,NA
ALKBH2,NA,NA,NA,NA,NA,NA,nonsynonymous SNV,NA,NA,NA,NA,NA,NA,NA,NA,NA,NA,NA,NA,NA,NA,NA,NA,NA,NA,NA,NA,NA,NA,NA,NA,NA,NA,NA,NA,NA,NA,NA
ALKBH4,NA,NA,NA,NA,NA,NA,NA,NA,NA,NA,nonsynonymous SNV,NA,NA,NA,NA,NA,NA,NA,NA,nonsynonymous SNV,NA,NA,NA,NA,NA,NA,NA,NA,NA,NA,NA,NA,NA,NA,NA,NA,NA,NA
ALKBH6,NA,NA,NA,NA,NA,NA,NA,NA,NA,NA,NA,NA,NA,NA,NA,NA,NA,NA,NA,nonsynonymous SNV,NA,NA,NA,NA,NA,NA,NA,NA,NA,NA,NA,NA,NA,NA,NA,NA,NA,NA
ALKBH8,NA,NA,nonsynonymous SNV,NA,NA,NA,NA,NA,NA,NA,NA,NA,NA,NA,NA,NA,NA,NA,NA,NA,NA,NA,NA,NA,NA,NA,NA,NA,NA,NA,NA,NA,NA,NA,NA,NA,NA,NA
ALMS1,NA,nonsynonymous SNV,nonsynonymous SNV,NA,NA,nonsynonymous SNV,nonsynonymous SNV,NA,NA,NA,nonsynonymous SNV,nonsynonymous SNV,NA,NA,nonsynonymous SNV,NA,NA,NA,nonsynonymous SNV,nonsynonymous SNV,NA,NA,NA,NA,NA,NA,NA,nonsynonymous SNV,NA,nonsynonymous SNV,NA,NA,NA,NA,NA,nonsynonymous SNV,NA,NA
ALPK1,NA,NA,NA,NA,NA,NA,nonsynonymous SNV,NA,NA,NA,NA,NA,NA,NA,NA,NA,NA,NA,NA,NA,NA,NA,NA,NA,NA,NA,NA,NA,NA,NA,NA,NA,NA,NA,NA,NA,NA,NA
ALPK2,NA,NA,NA,NA,NA,NA,NA,NA,NA,NA,NA,NA,NA,NA,NA,NA,NA,NA,NA,NA,NA,nonsynonymous SNV,NA,NA,nonsynonymous SNV,NA,NA,NA,NA,NA,NA,NA,NA,NA,NA,NA,NA,NA
ALS2,NA,NA,NA,NA,NA,NA,NA,NA,NA,NA,nonsynonymous SNV,NA,NA,NA,NA,NA,NA,NA,NA,NA,NA,NA,NA,NA,NA,NA,NA,NA,NA,NA,NA,NA,NA,NA,NA,NA,NA,NA
ALYREF,NA,NA,NA,NA,NA,NA,NA,NA,NA,NA,NA,NA,NA,NA,nonsynonymous SNV,NA,NA,NA,NA,NA,NA,NA,NA,NA,NA,NA,NA,NA,NA,NA,nonsynonymous SNV,NA,NA,NA,NA,NA,NA,NA
AMBRA1,NA,NA,NA,NA,NA,NA,NA,NA,NA,NA,NA,NA,NA,NA,NA,nonsynonymous SNV,NA,NA,NA,NA,NA,NA,NA,NA,nonsynonymous SNV,NA,NA,NA,NA,NA,NA,NA,NA,NA,NA,NA,NA,NA
AMD1,NA,NA,NA,NA,NA,NA,NA,NA,NA,NA,nonsynonymous SNV,NA,NA,NA,NA,NA,NA,NA,NA,nonsynonymous SNV,NA,NA,NA,NA,NA,NA,NA,NA,NA,NA,NA,NA,NA,NA,NA,NA,NA,NA
AMDHD2,NA,NA,NA,NA,NA,NA,NA,NA,nonsynonymous SNV,NA,nonsynonymous SNV,NA,NA,NA,NA,NA,NA,NA,NA,nonsynonymous SNV,NA,NA,NA,NA,NA,NA,NA,NA,NA,NA,NA,NA,NA,NA,NA,NA,nonsynonymous SNV,NA
AMER1,NA,NA,NA,NA,NA,NA,NA,stopgain,NA,NA,NA,NA,NA,NA,NA,NA,NA,NA,NA,NA,NA,NA,NA,NA,NA,NA,NA,NA,NA,NA,NA,nonsynonymous SNV,NA,NA,NA,NA,NA,NA
AMFR,NA,NA,NA,NA,NA,NA,NA,NA,NA,NA,NA,NA,NA,NA,NA,NA,NA,NA,NA,NA,NA,NA,NA,NA,NA,NA,NA,NA,NA,NA,NA,NA,NA,NA,NA,NA,NA,NA
AMH,NA,NA,NA,NA,NA,NA,nonsynonymous SNV,NA,NA,NA,nonsynonymous SNV,NA,NA,NA,nonsynonymous SNV,NA,NA,NA,NA,NA,NA,NA,nonsynonymous SNV,NA,NA,NA,NA,NA,NA,NA,NA,NA,NA,NA,NA,NA,NA,NA
AMIGO2,NA,NA,NA,NA,NA,NA,NA,NA,NA,NA,nonsynonymous SNV,NA,NA,NA,nonsynonymous SNV,NA,NA,NA,NA,NA,NA,NA,NA,NA,NA,NA,NA,NA,NA,NA,NA,NA,NA,NA,NA,NA,NA,NA
AMIGO3,NA,NA,NA,NA,NA,NA,NA,NA,nonsynonymous SNV,NA,NA,NA,NA,NA,NA,NA,NA,NA,NA,NA,NA,NA,NA,NA,nonsynonymous SNV,NA,NA,NA,NA,NA,NA,NA,NA,NA,NA,NA,NA,NA
AMMECR1L,NA,NA,NA,NA,NA,NA,NA,NA,NA,NA,NA,NA,NA,NA,NA,NA,NA,NA,NA,NA,NA,NA,NA,NA,NA,NA,NA,NA,NA,NA,NA,NA,NA,NA,nonsynonymous SNV,NA,NA,NA
AMN1,NA,NA,NA,NA,NA,NA,NA,NA,NA,NA,NA,NA,NA,nonsynonymous SNV,NA,NA,NA,NA,NA,NA,NA,NA,NA,NA,NA,NA,NA,NA,nonsynonymous SNV,NA,NA,NA,NA,NA,NA,NA,NA,NA
AMOTL1,NA,NA,NA,NA,NA,NA,NA,NA,NA,nonsynonymous SNV,NA,NA,NA,NA,NA,NA,NA,NA,NA,NA,NA,NA,NA,NA,NA,NA,NA,NA,NA,NA,NA,NA,NA,NA,NA,NA,NA,NA
AMPD2,NA,NA,NA,NA,NA,NA,nonsynonymous SNV,NA,NA,NA,nonsynonymous SNV,NA,NA,NA,NA,NA,NA,NA,NA,nonsynonymous SNV,NA,NA,NA,NA,NA,NA,NA,NA,nonsynonymous SNV,NA,NA,NA,NA,NA,NA,NA,NA,NA
AMPD3,NA,nonsynonymous SNV,NA,NA,NA,NA,NA,NA,NA,NA,NA,NA,NA,NA,NA,NA,NA,NA,NA,NA,NA,NA,NA,NA,NA,NA,NA,NA,NA,NA,NA,NA,NA,NA,NA,nonsynonymous SNV,NA,NA
AMY2B,NA,NA,NA,nonsynonymous SNV,nonsynonymous SNV,NA,NA,NA,NA,NA,NA,NA,NA,NA,NA,NA,NA,NA,NA,NA,NA,NA,NA,NA,NA,NA,NA,NA,NA,NA,NA,NA,NA,NA,NA,NA,nonsynonymous SNV,NA
AMZ2,NA,NA,NA,NA,NA,NA,NA,NA,NA,NA,NA,NA,NA,NA,NA,NA,NA,NA,NA,NA,NA,NA,NA,NA,NA,NA,NA,NA,NA,NA,NA,NA,NA,NA,NA,NA,NA,NA
ANAPC1,NA,NA,NA,NA,NA,NA,NA,nonsynonymous SNV,NA,nonsynonymous SNV,nonsynonymous SNV,NA,NA,NA,nonsynonymous SNV,NA,NA,NA,NA,NA,NA,NA,NA,NA,NA,nonsynonymous SNV,NA,NA,NA,NA,NA,NA,NA,nonsynonymous SNV,NA,NA,NA,NA
ANAPC10,NA,NA,NA,NA,NA,NA,NA,NA,NA,NA,NA,NA,NA,NA,NA,NA,NA,nonsynonymous SNV,nonsynonymous SNV,NA,NA,NA,NA,NA,NA,NA,NA,NA,NA,NA,NA,NA,NA,NA,NA,NA,NA,NA
ANAPC2,NA,nonsynonymous SNV,NA,NA,NA,NA,NA,NA,NA,NA,NA,NA,NA,NA,NA,NA,NA,NA,NA,nonsynonymous SNV,NA,NA,NA,NA,NA,NA,NA,NA,NA,NA,NA,NA,NA,NA,NA,NA,NA,NA
ANAPC5,NA,NA,NA,NA,NA,NA,nonsynonymous SNV,NA,NA,NA,NA,NA,NA,NA,NA,NA,NA,NA,NA,NA,NA,NA,NA,NA,NA,NA,NA,NA,NA,NA,nonsynonymous SNV,NA,NA,NA,NA,NA,NA,NA
ANAPC7,NA,NA,NA,NA,NA,NA,NA,NA,NA,NA,NA,NA,NA,NA,nonsynonymous SNV,NA,NA,NA,NA,NA,NA,NA,NA,NA,NA,NA,NA,NA,NA,NA,NA,NA,NA,NA,NA,NA,NA,NA
ANGEL1,NA,NA,NA,NA,NA,NA,NA,NA,NA,NA,NA,NA,NA,NA,NA,NA,NA,NA,NA,nonsynonymous SNV,NA,NA,NA,NA,NA,NA,NA,NA,NA,NA,nonsynonymous SNV,NA,NA,NA,NA,NA,NA,NA
ANGPTL6,NA,NA,NA,NA,NA,NA,NA,NA,NA,NA,NA,NA,NA,nonsynonymous SNV,NA,NA,NA,NA,NA,NA,NA,NA,NA,NA,NA,NA,nonsynonymous SNV,NA,NA,NA,NA,NA,NA,NA,NA,NA,NA,NA
ANK3,NA,NA,NA,NA,NA,NA,NA,NA,NA,NA,NA,NA,NA,NA,NA,NA,NA,nonsynonymous SNV,NA,NA,NA,NA,NA,NA,nonsynonymous SNV,NA,NA,NA,NA,NA,NA,NA,nonsynonymous SNV,NA,NA,NA,NA,NA
ANKDD1A,NA,NA,NA,NA,NA,NA,NA,NA,NA,NA,NA,NA,NA,NA,nonsynonymous SNV,NA,NA,NA,NA,NA,NA,NA,NA,NA,NA,NA,NA,NA,NA,NA,NA,NA,NA,nonsynonymous SNV,NA,NA,NA,NA
ANKEF1,NA,NA,NA,NA,NA,NA,NA,NA,NA,NA,NA,NA,NA,NA,NA,NA,NA,NA,NA,nonsynonymous SNV,NA,NA,NA,NA,NA,NA,NA,NA,NA,NA,NA,NA,NA,NA,NA,NA,NA,NA
ANKFY1,NA,NA,NA,NA,NA,NA,NA,NA,NA,NA,NA,NA,NA,NA,NA,NA,NA,NA,NA,nonsynonymous SNV,NA,NA,NA,NA,NA,NA,NA,NA,NA,NA,NA,NA,NA,nonsynonymous SNV,NA,NA,NA,NA
ANKHD1;ANKHD1-EIF4EBP3,NA,NA,NA,NA,NA,NA,nonsynonymous SNV,NA,NA,NA,nonsynonymous SNV,NA,NA,NA,nonsynonymous SNV,NA,NA,nonsynonymous SNV,NA,NA,NA,NA,NA,NA,NA,NA,NA,NA,NA,NA,NA,nonsynonymous SNV,NA,NA,NA,NA,NA,NA
ANKIB1,nonsynonymous SNV,NA,NA,NA,NA,NA,NA,NA,NA,NA,NA,NA,NA,NA,NA,NA,NA,NA,NA,NA,NA,NA,NA,NA,NA,NA,NA,NA,NA,NA,NA,NA,NA,NA,NA,NA,NA,nonsynonymous SNV
ANKLE1,NA,NA,NA,NA,NA,NA,NA,NA,NA,NA,NA,NA,NA,NA,NA,NA,NA,NA,NA,NA,NA,NA,NA,NA,NA,NA,NA,NA,NA,NA,NA,NA,nonsynonymous SNV,NA,NA,NA,NA,NA
ANKLE2,NA,NA,NA,NA,NA,NA,NA,NA,NA,NA,nonsynonymous SNV,NA,NA,NA,nonsynonymous SNV,NA,NA,NA,NA,NA,NA,NA,NA,NA,NA,NA,NA,NA,NA,NA,NA,NA,NA,NA,nonsynonymous SNV,NA,NA,NA
ANKMY2,NA,NA,NA,NA,NA,NA,NA,NA,NA,NA,NA,NA,NA,NA,NA,NA,NA,NA,NA,NA,NA,NA,NA,NA,NA,NA,NA,NA,NA,NA,NA,NA,NA,NA,NA,NA,NA,NA
ANKRD10,NA,NA,NA,NA,NA,NA,NA,NA,NA,NA,NA,NA,NA,NA,NA,NA,NA,NA,NA,nonsynonymous SNV,NA,NA,NA,NA,NA,NA,NA,NA,NA,NA,NA,NA,NA,NA,NA,NA,NA,NA
ANKRD11,NA,NA,NA,NA,NA,NA,nonsynonymous SNV;stopgain,NA,NA,NA,nonsynonymous SNV;stopgain,NA,NA,stopgain,nonsynonymous SNV,NA,NA,NA,NA,nonsynonymous SNV;stopgain,NA,NA,nonsynonymous SNV,NA,NA,NA,nonsynonymous SNV,nonsynonymous SNV,NA,NA,NA,NA,NA,NA,NA,NA,NA,NA
ANKRD12,NA,nonsynonymous SNV,NA,nonsynonymous SNV,nonsynonymous SNV,NA,nonsynonymous SNV,NA,NA,NA,NA,NA,NA,NA,NA,NA,NA,NA,NA,NA,NA,NA,NA,NA,NA,NA,NA,NA,NA,NA,NA,NA,NA,NA,NA,NA,NA,NA
ANKRD13B,NA,NA,NA,NA,NA,NA,NA,NA,NA,NA,NA,NA,NA,NA,NA,nonsynonymous SNV,NA,NA,NA,nonsynonymous SNV,NA,nonsynonymous SNV,NA,NA,NA,NA,NA,NA,nonsynonymous SNV,NA,NA,NA,NA,NA,NA,NA,NA,NA
ANKRD13D,NA,nonsynonymous SNV,NA,NA,NA,NA,NA,NA,NA,NA,NA,NA,NA,NA,nonsynonymous SNV,NA,NA,NA,NA,nonsynonymous SNV,NA,NA,NA,NA,NA,NA,NA,NA,NA,NA,NA,NA,nonsynonymous SNV,NA,NA,NA,NA,NA
ANKRD17,NA,NA,NA,NA,NA,NA,NA,NA,NA,NA,NA,NA,NA,NA,NA,NA,NA,NA,NA,nonsynonymous SNV,NA,NA,NA,NA,NA,NA,NA,NA,NA,NA,NA,NA,NA,NA,NA,NA,NA,nonsynonymous SNV
ANKRD23,NA,NA,NA,NA,NA,NA,nonsynonymous SNV,NA,NA,NA,NA,NA,NA,NA,NA,NA,NA,NA,NA,NA,NA,NA,NA,NA,NA,NA,NA,NA,NA,NA,NA,NA,nonsynonymous SNV,NA,NA,NA,NA,NA
ANKRD26,NA,nonsynonymous SNV,NA,nonsynonymous SNV,NA,NA,NA,NA,nonsynonymous SNV,NA,nonsynonymous SNV,NA,NA,NA,NA,NA,NA,nonsynonymous SNV,nonsynonymous SNV,NA,NA,NA,NA,NA,NA,NA,NA,NA,NA,NA,NA,nonsynonymous SNV,NA,NA,NA,NA,NA,NA
ANKRD27,NA,NA,NA,NA,NA,NA,NA,NA,NA,NA,NA,NA,NA,NA,NA,NA,NA,NA,NA,NA,NA,NA,nonsynonymous SNV,NA,NA,NA,NA,NA,NA,nonsynonymous SNV,NA,NA,NA,nonsynonymous SNV,NA,NA,NA,NA
ANKRD28,NA,NA,NA,NA,NA,NA,stopgain,NA,NA,NA,NA,NA,NA,NA,NA,NA,NA,NA,NA,NA,nonsynonymous SNV,NA,NA,NA,NA,NA,NA,NA,NA,NA,NA,NA,NA,NA,NA,nonsynonymous SNV,NA,NA
ANKRD30A,NA,NA,NA,NA,NA,NA,NA,NA,NA,NA,NA,NA,NA,NA,NA,NA,NA,NA,NA,NA,NA,NA,NA,NA,NA,NA,NA,NA,NA,NA,NA,NA,NA,NA,NA,NA,NA,nonsynonymous SNV
ANKRD36,NA,NA,NA,NA,NA,nonsynonymous SNV,nonsynonymous SNV,NA,NA,NA,NA,NA,NA,NA,NA,NA,NA,NA,NA,NA,nonsynonymous SNV,NA,NA,NA,NA,NA,NA,NA,NA,NA,NA,NA,NA,nonsynonymous SNV,NA,nonsynonymous SNV,nonsynonymous SNV,NA
ANKRD36B,NA,NA,NA,nonsynonymous SNV,NA,NA,NA,NA,NA,NA,NA,NA,NA,NA,nonsynonymous SNV,NA,nonsynonymous SNV,NA,NA,nonsynonymous SNV,NA,NA,NA,NA,NA,NA,NA,NA,NA,nonsynonymous SNV,NA,NA,NA,NA,NA,NA,NA,NA
ANKRD36C,NA,nonsynonymous SNV,NA,NA,NA,NA,NA,nonsynonymous SNV,NA,nonsynonymous SNV,nonsynonymous SNV,NA,NA,NA,nonsynonymous SNV,NA,nonsynonymous SNV,NA,NA,nonsynonymous SNV,NA,NA,NA,NA,NA,NA,NA,NA,NA,NA,NA,NA,NA,nonsynonymous SNV,NA,NA,nonsynonymous SNV,NA
ANKRD39,NA,NA,NA,NA,NA,NA,NA,nonsynonymous SNV,NA,nonsynonymous SNV,NA,NA,NA,NA,NA,nonsynonymous SNV,NA,NA,NA,NA,NA,NA,NA,NA,NA,NA,NA,NA,NA,NA,NA,NA,NA,NA,NA,NA,NA,NA
ANKRD40,NA,NA,NA,NA,NA,NA,NA,NA,NA,NA,stopgain,NA,NA,NA,NA,NA,NA,NA,NA,NA,NA,NA,NA,NA,NA,nonsynonymous SNV,NA,NA,NA,NA,NA,NA,NA,NA,NA,NA,NA,NA
ANKRD44,NA,NA,NA,NA,NA,NA,nonsynonymous SNV,NA,NA,NA,NA,NA,NA,NA,NA,NA,NA,NA,NA,NA,NA,NA,NA,NA,NA,NA,NA,NA,NA,NA,NA,NA,NA,NA,NA,NA,NA,nonsynonymous SNV
ANKRD46,NA,NA,NA,NA,NA,NA,NA,NA,NA,NA,NA,NA,NA,NA,NA,NA,NA,NA,NA,NA,NA,NA,NA,NA,NA,NA,NA,NA,NA,NA,NA,NA,NA,NA,NA,NA,NA,nonsynonymous SNV
ANKRD50,NA,NA,nonsynonymous SNV,NA,NA,NA,NA,NA,NA,NA,NA,NA,NA,NA,nonsynonymous SNV,NA,NA,NA,NA,NA,NA,NA,NA,NA,NA,NA,NA,NA,NA,NA,NA,NA,NA,NA,NA,NA,NA,NA
ANKRD52,NA,NA,NA,NA,NA,NA,NA,NA,NA,NA,nonsynonymous SNV,NA,NA,NA,NA,NA,NA,NA,NA,nonsynonymous SNV,NA,NA,NA,NA,NA,NA,NA,NA,NA,nonsynonymous SNV,NA,NA,NA,NA,NA,NA,NA,NA
ANKRD54,NA,NA,NA,NA,NA,NA,NA,NA,NA,NA,NA,NA,NA,NA,NA,NA,NA,NA,NA,nonsynonymous SNV,NA,NA,NA,NA,NA,nonsynonymous SNV,NA,NA,NA,NA,NA,NA,NA,NA,NA,NA,NA,NA
ANKS1A,NA,nonsynonymous SNV,NA,NA,NA,NA,NA,NA,NA,NA,NA,NA,NA,NA,NA,NA,NA,NA,NA,NA,NA,NA,NA,NA,NA,NA,NA,NA,NA,NA,NA,NA,NA,NA,NA,NA,NA,NA
ANKS3,NA,NA,NA,NA,NA,NA,NA,NA,NA,NA,nonsynonymous SNV,NA,NA,NA,NA,NA,NA,NA,NA,NA,NA,NA,NA,NA,NA,NA,NA,NA,NA,NA,NA,NA,NA,NA,NA,NA,NA,NA
ANKS6,NA,NA,NA,NA,NA,NA,NA,NA,NA,NA,NA,NA,NA,NA,NA,NA,NA,NA,NA,NA,NA,NA,NA,NA,NA,NA,NA,NA,nonsynonymous SNV,NA,NA,NA,NA,NA,NA,NA,NA,NA
ANLN,NA,NA,NA,NA,NA,NA,NA,NA,NA,NA,nonsynonymous SNV,NA,NA,NA,NA,NA,NA,NA,NA,NA,NA,NA,NA,NA,NA,NA,NA,NA,NA,NA,NA,NA,nonsynonymous SNV,NA,NA,NA,NA,NA
ANO10,NA,NA,NA,NA,NA,NA,NA,NA,NA,NA,NA,NA,NA,NA,NA,NA,NA,NA,NA,NA,NA,NA,NA,NA,NA,NA,NA,NA,NA,nonsynonymous SNV,NA,NA,NA,NA,NA,NA,NA,NA
ANO3,NA,NA,NA,NA,NA,NA,NA,NA,NA,NA,NA,NA,NA,NA,NA,NA,NA,NA,NA,NA,NA,NA,NA,NA,NA,NA,NA,NA,NA,NA,NA,NA,NA,NA,NA,NA,NA,NA
ANO6,NA,NA,NA,NA,NA,NA,NA,NA,NA,NA,NA,NA,NA,NA,NA,NA,NA,NA,NA,NA,NA,NA,NA,NA,NA,NA,nonsynonymous SNV,NA,NA,NA,NA,NA,NA,NA,NA,NA,nonsynonymous SNV,NA
ANO8,NA,NA,NA,NA,NA,NA,NA,NA,NA,NA,nonsynonymous SNV,NA,NA,NA,nonsynonymous SNV,NA,NA,NA,NA,nonsynonymous SNV,NA,NA,NA,NA,NA,NA,NA,NA,NA,NA,NA,NA,NA,NA,NA,NA,NA,NA
ANP32A,NA,NA,NA,NA,NA,NA,NA,NA,NA,NA,NA,NA,NA,NA,NA,NA,NA,NA,NA,NA,NA,NA,NA,NA,nonsynonymous SNV,NA,NA,NA,NA,NA,NA,NA,NA,NA,NA,NA,NA,NA
ANP32B,NA,NA,NA,NA,NA,NA,NA,NA,NA,NA,nonsynonymous SNV,NA,NA,NA,NA,NA,NA,NA,NA,nonsynonymous SNV,NA,NA,NA,NA,NA,NA,NA,NA,NA,NA,NA,NA,NA,NA,NA,NA,NA,NA
ANP32C,NA,NA,nonsynonymous SNV,NA,NA,NA,NA,NA,NA,nonsynonymous SNV,NA,nonsynonymous SNV,NA,NA,NA,NA,NA,NA,NA,NA,NA,NA,NA,nonsynonymous SNV,nonsynonymous SNV,NA,NA,nonsynonymous SNV,NA,NA,NA,NA,nonsynonymous SNV,NA,NA,NA,NA,NA
ANTXR1,NA,NA,NA,NA,NA,NA,NA,NA,NA,NA,NA,NA,NA,NA,NA,NA,NA,NA,NA,nonsynonymous SNV,NA,NA,NA,NA,NA,NA,NA,NA,NA,NA,NA,NA,NA,NA,NA,NA,NA,NA
ANTXR2,NA,NA,NA,NA,NA,NA,NA,NA,NA,NA,nonsynonymous SNV,NA,NA,NA,NA,NA,NA,NA,NA,NA,NA,NA,NA,NA,NA,NA,NA,NA,NA,NA,NA,NA,NA,NA,NA,NA,NA,NA
ANXA1,NA,NA,NA,NA,NA,NA,NA,NA,NA,NA,NA,NA,NA,NA,NA,NA,NA,NA,NA,NA,NA,NA,NA,NA,nonsynonymous SNV,NA,NA,NA,NA,NA,NA,NA,NA,NA,NA,NA,NA,NA
ANXA11,NA,NA,NA,NA,NA,NA,NA,NA,NA,NA,NA,NA,NA,NA,NA,NA,NA,NA,NA,NA,NA,NA,NA,NA,NA,NA,NA,NA,NA,NA,NA,NA,NA,NA,NA,NA,NA,NA
ANXA5,NA,nonsynonymous SNV,NA,NA,NA,NA,NA,NA,NA,NA,NA,NA,NA,NA,NA,NA,NA,NA,NA,NA,NA,NA,NA,NA,NA,NA,NA,NA,NA,NA,NA,NA,NA,NA,NA,NA,NA,NA
ANXA6,NA,NA,NA,NA,NA,NA,NA,NA,NA,NA,NA,NA,NA,nonsynonymous SNV,NA,NA,NA,NA,NA,NA,NA,NA,NA,NA,nonsynonymous SNV,NA,NA,NA,NA,NA,NA,NA,NA,NA,NA,NA,NA,NA
ANXA7,NA,NA,NA,NA,NA,NA,NA,NA,NA,NA,nonsynonymous SNV,NA,NA,NA,NA,NA,NA,NA,NA,nonsynonymous SNV,NA,NA,NA,NA,NA,NA,NA,NA,NA,NA,NA,NA,NA,NA,stopgain,NA,nonsynonymous SNV,NA
ANXA8,NA,NA,NA,NA,NA,NA,NA,NA,NA,NA,NA,NA,NA,NA,NA,NA,nonsynonymous SNV,NA,nonsynonymous SNV,NA,NA,NA,NA,NA,NA,NA,NA,NA,NA,NA,NA,NA,NA,NA,NA,nonsynonymous SNV,NA,NA
ANXA8L1,NA,NA,NA,NA,NA,NA,NA,NA,NA,NA,NA,NA,NA,NA,NA,NA,NA,NA,NA,NA,NA,NA,NA,NA,NA,NA,NA,NA,NA,NA,NA,NA,NA,NA,NA,NA,NA,nonsynonymous SNV
AOC2,NA,NA,NA,NA,NA,NA,NA,NA,NA,NA,nonsynonymous SNV,NA,NA,NA,NA,NA,NA,NA,NA,NA,NA,NA,NA,NA,NA,NA,NA,NA,NA,NA,NA,NA,NA,NA,NA,NA,NA,NA
AOX1,NA,NA,NA,NA,NA,NA,NA,NA,NA,NA,nonsynonymous SNV,NA,NA,NA,NA,NA,NA,NA,NA,NA,NA,NA,NA,NA,NA,NA,NA,NA,NA,NA,NA,NA,NA,NA,NA,NA,NA,NA
AP1AR,NA,NA,NA,NA,NA,NA,NA,NA,NA,NA,NA,NA,NA,NA,NA,NA,NA,NA,NA,NA,NA,NA,NA,NA,NA,NA,NA,NA,NA,NA,NA,stopgain,NA,NA,NA,NA,NA,NA
AP1B1,NA,NA,NA,NA,NA,NA,NA,NA,NA,NA,nonsynonymous SNV,NA,NA,NA,NA,NA,NA,NA,NA,nonsynonymous SNV,NA,NA,NA,NA,NA,NA,NA,NA,NA,NA,NA,NA,NA,NA,NA,NA,NA,NA
AP1G1,NA,NA,NA,NA,NA,NA,NA,NA,NA,NA,NA,NA,NA,NA,nonsynonymous SNV,NA,NA,NA,NA,nonsynonymous SNV,NA,NA,NA,NA,NA,NA,NA,NA,NA,NA,NA,NA,NA,NA,NA,NA,NA,NA
AP1G2,NA,NA,NA,NA,NA,NA,NA,NA,NA,NA,NA,NA,NA,NA,NA,NA,NA,NA,NA,nonsynonymous SNV,NA,NA,NA,NA,NA,NA,NA,NA,NA,NA,NA,NA,nonsynonymous SNV,NA,NA,NA,NA,NA
AP1S1,NA,NA,NA,NA,NA,NA,NA,NA,NA,NA,nonsynonymous SNV,NA,NA,NA,NA,NA,NA,NA,NA,NA,NA,NA,NA,NA,NA,NA,NA,NA,NA,NA,NA,NA,NA,NA,NA,NA,NA,NA
AP2A1,NA,NA,NA,nonsynonymous SNV,nonsynonymous SNV,NA,NA,nonsynonymous SNV,NA,NA,nonsynonymous SNV,NA,NA,NA,NA,NA,NA,NA,NA,nonsynonymous SNV,NA,nonsynonymous SNV,NA,NA,NA,NA,NA,NA,NA,NA,NA,NA,NA,NA,NA,NA,NA,NA
AP2A2,NA,NA,nonsynonymous SNV,NA,NA,NA,NA,NA,NA,NA,nonsynonymous SNV,NA,NA,NA,nonsynonymous SNV,NA,NA,NA,NA,nonsynonymous SNV,NA,NA,NA,NA,NA,NA,NA,NA,NA,NA,NA,NA,NA,NA,NA,nonsynonymous SNV,NA,NA
AP2M1,nonsynonymous SNV,NA,NA,NA,NA,NA,NA,NA,NA,NA,NA,NA,NA,NA,NA,NA,NA,NA,NA,NA,NA,NA,NA,NA,NA,NA,NA,NA,NA,NA,NA,NA,NA,NA,NA,NA,NA,NA
AP3B1,NA,NA,NA,NA,NA,NA,NA,nonsynonymous SNV,NA,nonsynonymous SNV,NA,NA,NA,NA,NA,NA,NA,NA,NA,NA,NA,NA,NA,NA,NA,NA,NA,NA,NA,NA,NA,NA,NA,NA,NA,NA,NA,NA
AP3D1,NA,nonsynonymous SNV,NA,NA,NA,NA,nonsynonymous SNV,NA,NA,NA,nonsynonymous SNV,NA,NA,NA,nonsynonymous SNV,NA,NA,NA,NA,nonsynonymous SNV,NA,NA,NA,nonsynonymous SNV,NA,NA,NA,NA,NA,NA,NA,NA,nonsynonymous SNV,NA,NA,NA,NA,NA
AP3M2,NA,nonsynonymous SNV,NA,NA,NA,NA,NA,NA,NA,NA,NA,NA,NA,NA,NA,NA,NA,NA,NA,NA,NA,NA,NA,NA,NA,NA,NA,NA,NA,NA,NA,NA,NA,NA,NA,NA,NA,NA
AP3S2,NA,NA,NA,NA,NA,NA,NA,NA,NA,NA,NA,NA,NA,NA,NA,NA,NA,NA,NA,NA,NA,NA,NA,NA,NA,NA,NA,NA,NA,NA,NA,NA,NA,NA,NA,NA,NA,NA
AP4B1,NA,NA,NA,NA,NA,NA,NA,NA,NA,NA,nonsynonymous SNV,NA,NA,NA,NA,NA,NA,NA,NA,NA,NA,NA,NA,NA,NA,nonsynonymous SNV,NA,NA,NA,NA,NA,NA,NA,NA,NA,NA,NA,NA
AP4M1,NA,NA,NA,NA,NA,NA,nonsynonymous SNV,NA,NA,NA,nonsynonymous SNV,NA,NA,NA,NA,NA,NA,NA,nonsynonymous SNV,nonsynonymous SNV,NA,NA,NA,NA,NA,NA,NA,NA,NA,NA,NA,NA,NA,NA,NA,NA,NA,NA
AP5B1,NA,NA,NA,NA,NA,NA,NA,NA,NA,NA,stopgain,NA,NA,NA,NA,NA,NA,NA,NA,NA,NA,NA,NA,NA,NA,NA,NA,NA,NA,NA,NA,NA,NA,NA,NA,NA,NA,NA
AP5M1,NA,NA,NA,NA,NA,NA,nonsynonymous SNV,NA,NA,NA,NA,NA,NA,NA,NA,NA,NA,NA,NA,NA,NA,NA,NA,NA,NA,NA,NA,NA,NA,NA,NA,NA,NA,NA,NA,NA,NA,NA
APAF1,NA,NA,NA,NA,NA,NA,NA,NA,NA,NA,NA,NA,NA,NA,NA,NA,NA,NA,NA,NA,NA,NA,NA,NA,NA,NA,NA,NA,NA,NA,NA,NA,NA,NA,NA,NA,NA,nonsynonymous SNV
APBA2,NA,nonsynonymous SNV,NA,NA,NA,NA,NA,NA,NA,NA,NA,NA,NA,NA,NA,NA,NA,NA,NA,NA,NA,NA,NA,NA,NA,NA,NA,NA,NA,NA,NA,NA,NA,NA,NA,NA,NA,NA
APBB1,NA,NA,NA,NA,NA,NA,NA,NA,NA,NA,NA,NA,NA,NA,NA,NA,NA,NA,NA,NA,NA,NA,NA,NA,NA,NA,NA,NA,NA,NA,NA,NA,NA,NA,nonsynonymous SNV,NA,NA,NA
APBB1IP,NA,NA,NA,NA,NA,NA,NA,NA,NA,NA,NA,NA,NA,NA,NA,NA,NA,NA,NA,nonsynonymous SNV,NA,NA,NA,NA,NA,NA,NA,NA,NA,NA,NA,NA,NA,NA,NA,NA,NA,NA
APBB2,NA,NA,NA,NA,NA,NA,NA,NA,NA,NA,NA,NA,NA,NA,NA,nonsynonymous SNV,NA,NA,NA,NA,NA,NA,NA,NA,NA,NA,NA,NA,NA,NA,NA,NA,NA,NA,NA,NA,NA,NA
APBB3,NA,NA,NA,NA,NA,NA,nonsynonymous SNV,NA,NA,NA,NA,NA,NA,NA,NA,NA,nonsynonymous SNV,NA,NA,NA,NA,NA,NA,NA,NA,NA,NA,NA,NA,NA,NA,NA,NA,NA,NA,NA,NA,NA
APC,NA,NA,NA,NA,NA,NA,NA,NA,NA,NA,NA,NA,NA,NA,nonsynonymous SNV,NA,NA,NA,NA,nonsynonymous SNV,NA,NA,NA,NA,NA,NA,NA,NA,NA,NA,NA,NA,NA,NA,NA,NA,NA,NA
APEH,NA,NA,NA,NA,NA,NA,NA,NA,NA,NA,NA,NA,NA,NA,NA,NA,NA,NA,NA,NA,NA,NA,NA,NA,nonsynonymous SNV,NA,NA,NA,NA,NA,NA,NA,NA,NA,NA,NA,NA,NA
APEX2,NA,NA,NA,NA,NA,NA,nonsynonymous SNV,NA,NA,NA,NA,NA,NA,NA,NA,NA,NA,NA,NA,NA,NA,NA,NA,NA,NA,NA,NA,NA,NA,NA,NA,NA,NA,NA,NA,NA,NA,NA
APH1B,NA,NA,NA,NA,NA,NA,NA,NA,NA,NA,nonsynonymous SNV,NA,NA,NA,NA,NA,NA,NA,NA,NA,NA,NA,NA,NA,NA,NA,NA,NA,NA,NA,NA,NA,NA,NA,NA,NA,NA,NA
API5,NA,nonsynonymous SNV,NA,NA,NA,NA,NA,NA,NA,NA,NA,NA,NA,NA,NA,NA,NA,NA,NA,NA,NA,NA,NA,NA,NA,nonsynonymous SNV,NA,NA,NA,NA,NA,NA,NA,NA,NA,NA,NA,NA
APIP,NA,NA,NA,NA,NA,NA,NA,NA,NA,NA,NA,NA,NA,NA,NA,NA,NA,NA,NA,NA,NA,NA,NA,NA,NA,NA,nonsynonymous SNV,NA,NA,NA,NA,NA,NA,NA,NA,NA,NA,NA
APLP1,NA,NA,NA,NA,NA,NA,NA,NA,NA,NA,nonsynonymous SNV,NA,NA,NA,NA,NA,nonsynonymous SNV,nonsynonymous SNV,nonsynonymous SNV,NA,NA,NA,NA,NA,NA,NA,NA,NA,NA,NA,NA,NA,NA,NA,NA,NA,NA,NA
APOBEC3A;APOBEC3A_B,NA,NA,NA,nonsynonymous SNV,nonsynonymous SNV,nonsynonymous SNV,NA,NA,NA,NA,NA,NA,nonsynonymous SNV,nonsynonymous SNV,NA,NA,NA,NA,nonsynonymous SNV,NA,NA,NA,NA,nonsynonymous SNV,NA,NA,NA,NA,nonsynonymous SNV,NA,NA,NA,NA,NA,NA,NA,NA,NA
APOBEC3B,NA,NA,NA,NA,NA,NA,NA,NA,NA,NA,NA,NA,NA,NA,NA,NA,NA,NA,NA,NA,NA,NA,NA,nonsynonymous SNV,NA,NA,NA,NA,NA,nonsynonymous SNV,NA,NA,NA,NA,nonsynonymous SNV,NA,NA,NA
APOBEC3C,NA,NA,NA,NA,NA,NA,NA,NA,NA,NA,NA,NA,NA,NA,NA,NA,NA,NA,NA,NA,NA,NA,NA,NA,NA,NA,NA,NA,NA,NA,NA,NA,NA,NA,NA,NA,NA,NA
APOBEC3F,NA,NA,NA,NA,NA,nonsynonymous SNV,NA,NA,NA,NA,nonsynonymous SNV,NA,NA,NA,NA,NA,NA,NA,NA,NA,NA,NA,NA,NA,NA,NA,NA,NA,NA,NA,NA,NA,NA,NA,NA,nonsynonymous SNV,NA,nonsynonymous SNV
APOBEC3G,NA,nonsynonymous SNV,NA,NA,NA,NA,NA,NA,NA,NA,NA,NA,NA,NA,NA,NA,NA,NA,NA,nonsynonymous SNV,NA,NA,NA,NA,NA,nonsynonymous SNV,NA,NA,NA,NA,NA,NA,NA,NA,NA,NA,NA,NA
APOBR,NA,nonsynonymous SNV,NA,NA,NA,NA,NA,NA,NA,NA,nonsynonymous SNV,NA,NA,NA,NA,NA,NA,NA,NA,NA,NA,NA,NA,NA,NA,NA,NA,NA,NA,NA,NA,NA,NA,NA,NA,NA,NA,NA
APOL2,NA,NA,NA,NA,NA,NA,NA,NA,NA,NA,NA,NA,NA,nonsynonymous SNV,NA,NA,NA,NA,NA,NA,NA,NA,NA,NA,NA,NA,NA,NA,NA,NA,NA,NA,NA,NA,NA,NA,NA,nonsynonymous SNV
APOL3,NA,NA,NA,NA,NA,NA,NA,NA,NA,NA,NA,NA,NA,NA,NA,NA,NA,NA,NA,nonsynonymous SNV,NA,NA,NA,NA,NA,NA,NA,NA,NA,NA,NA,NA,NA,NA,NA,NA,NA,NA
APOL6,NA,NA,NA,NA,NA,NA,NA,NA,NA,NA,NA,NA,NA,NA,nonsynonymous SNV,NA,NA,NA,NA,NA,NA,NA,NA,NA,NA,NA,NA,NA,NA,NA,NA,NA,NA,NA,NA,NA,NA,NA
APOLD1,NA,NA,NA,NA,NA,NA,NA,NA,NA,NA,NA,NA,NA,NA,NA,NA,NA,NA,NA,NA,NA,NA,NA,NA,nonsynonymous SNV,NA,NA,NA,NA,NA,NA,NA,NA,NA,NA,NA,NA,NA
APOM,NA,NA,NA,NA,NA,NA,NA,NA,NA,NA,NA,NA,NA,NA,NA,NA,NA,NA,NA,nonsynonymous SNV;stopgain,NA,NA,NA,NA,NA,NA,NA,NA,NA,NA,NA,NA,NA,NA,NA,NA,NA,NA
APP,NA,nonsynonymous SNV,NA,NA,NA,NA,NA,NA,NA,NA,NA,NA,NA,NA,NA,NA,NA,NA,NA,NA,NA,NA,NA,NA,NA,NA,NA,NA,NA,NA,NA,NA,nonsynonymous SNV,NA,NA,NA,NA,NA
APPBP2,NA,NA,NA,NA,NA,NA,NA,NA,NA,NA,nonsynonymous SNV,NA,NA,NA,NA,NA,NA,NA,NA,nonsynonymous SNV,NA,NA,NA,NA,NA,NA,NA,NA,NA,NA,NA,NA,NA,NA,NA,NA,NA,NA
APPL1,NA,NA,NA,NA,NA,NA,NA,NA,NA,NA,NA,NA,NA,NA,NA,NA,NA,NA,NA,NA,NA,nonsynonymous SNV,NA,NA,NA,NA,NA,NA,NA,NA,NA,NA,NA,NA,nonsynonymous SNV,NA,NA,NA
APPL2,NA,NA,NA,NA,NA,NA,NA,NA,NA,NA,NA,NA,NA,NA,NA,NA,nonsynonymous SNV,NA,NA,NA,NA,NA,NA,NA,NA,NA,NA,NA,NA,NA,NA,NA,NA,NA,NA,NA,NA,NA
APRT,NA,NA,NA,NA,NA,NA,NA,NA,NA,NA,NA,NA,NA,NA,NA,NA,NA,NA,NA,nonsynonymous SNV,NA,NA,NA,NA,NA,NA,NA,NA,NA,NA,NA,NA,NA,NA,NA,NA,NA,NA
AQR,NA,NA,NA,NA,NA,nonsynonymous SNV,NA,NA,NA,NA,NA,NA,NA,NA,NA,NA,NA,NA,NA,NA,NA,NA,NA,NA,NA,NA,NA,NA,NA,NA,NA,NA,NA,nonsynonymous SNV,NA,NA,NA,NA
ARAF,NA,NA,NA,NA,NA,NA,NA,NA,NA,NA,NA,NA,NA,NA,NA,NA,NA,NA,NA,nonsynonymous SNV,NA,NA,NA,NA,NA,NA,NA,NA,NA,NA,NA,NA,NA,nonsynonymous SNV,NA,NA,NA,NA
ARAP1,NA,NA,NA,nonsynonymous SNV,nonsynonymous SNV,NA,NA,NA,NA,NA,NA,NA,NA,NA,nonsynonymous SNV,NA,NA,NA,NA,NA,NA,NA,NA,NA,NA,NA,NA,NA,NA,NA,NA,NA,NA,nonsynonymous SNV,NA,NA,NA,NA
ARAP2,NA,NA,NA,NA,NA,NA,nonsynonymous SNV,NA,nonsynonymous SNV,NA,NA,NA,NA,NA,nonsynonymous SNV,NA,NA,NA,NA,NA,NA,NA,NA,NA,NA,NA,NA,NA,nonsynonymous SNV,NA,NA,NA,NA,NA,NA,NA,NA,nonsynonymous SNV
AREL1,NA,NA,NA,NA,NA,NA,NA,NA,NA,NA,nonsynonymous SNV,NA,NA,NA,nonsynonymous SNV,NA,NA,NA,NA,NA,NA,NA,NA,NA,NA,NA,NA,NA,NA,NA,NA,NA,NA,NA,NA,NA,NA,NA
ARF1,NA,NA,NA,NA,NA,NA,NA,NA,NA,NA,NA,NA,NA,NA,NA,NA,NA,NA,NA,nonsynonymous SNV,NA,NA,NA,NA,NA,NA,NA,NA,NA,NA,NA,NA,NA,NA,NA,NA,NA,NA
ARF5,NA,NA,NA,NA,NA,NA,NA,NA,NA,NA,NA,NA,NA,NA,nonsynonymous SNV,NA,NA,NA,NA,NA,NA,NA,NA,NA,NA,NA,NA,NA,NA,NA,NA,NA,NA,NA,NA,NA,NA,NA
ARFGAP1,NA,NA,NA,NA,NA,NA,NA,NA,NA,NA,NA,NA,NA,nonsynonymous SNV,NA,NA,NA,NA,NA,nonsynonymous SNV,NA,NA,NA,NA,NA,NA,NA,NA,NA,NA,NA,NA,NA,NA,NA,NA,NA,NA
ARFGAP3,nonsynonymous SNV,NA,NA,NA,NA,NA,NA,NA,NA,NA,NA,NA,NA,nonsynonymous SNV,NA,NA,NA,NA,NA,NA,NA,NA,NA,NA,NA,NA,NA,NA,NA,NA,NA,NA,NA,NA,NA,NA,NA,NA
ARFGEF1,NA,NA,NA,NA,NA,nonsynonymous SNV,NA,nonsynonymous SNV,NA,nonsynonymous SNV,NA,NA,NA,NA,NA,NA,NA,NA,NA,nonsynonymous SNV,NA,NA,NA,NA,NA,NA,NA,NA,NA,NA,NA,NA,NA,NA,NA,NA,NA,NA
ARFGEF2,NA,nonsynonymous SNV,NA,NA,NA,NA,NA,NA,NA,NA,NA,NA,nonsynonymous SNV,NA,NA,NA,NA,NA,NA,nonsynonymous SNV,NA,NA,NA,NA,NA,NA,NA,NA,NA,NA,NA,NA,NA,nonsynonymous SNV,NA,NA,NA,NA
ARFIP1,NA,NA,NA,NA,NA,NA,NA,NA,NA,NA,nonsynonymous SNV,NA,NA,NA,NA,NA,NA,NA,nonsynonymous SNV,NA,NA,NA,NA,NA,nonsynonymous SNV,NA,NA,NA,NA,nonsynonymous SNV,NA,NA,NA,NA,nonsynonymous SNV,NA,NA,NA
ARFRP1,NA,NA,NA,NA,NA,NA,NA,NA,NA,NA,NA,NA,NA,NA,NA,NA,NA,NA,NA,nonsynonymous SNV,NA,NA,NA,NA,NA,NA,NA,NA,NA,NA,NA,NA,NA,NA,NA,NA,NA,NA
ARG2,NA,nonsynonymous SNV,NA,NA,NA,NA,NA,NA,NA,NA,NA,NA,NA,NA,NA,NA,NA,NA,NA,NA,NA,NA,NA,NA,NA,NA,NA,NA,NA,NA,NA,NA,NA,NA,NA,NA,NA,NA
ARHGAP1,NA,NA,NA,NA,NA,NA,NA,NA,NA,NA,NA,NA,NA,NA,NA,NA,NA,NA,NA,NA,NA,NA,NA,NA,NA,NA,NA,NA,NA,NA,NA,NA,NA,NA,nonsynonymous SNV,NA,NA,NA
ARHGAP11A,NA,NA,NA,NA,NA,NA,nonsynonymous SNV,NA,NA,NA,NA,NA,NA,NA,NA,NA,NA,NA,NA,NA,NA,NA,NA,NA,NA,NA,NA,NA,NA,NA,NA,NA,NA,NA,nonsynonymous SNV,NA,NA,NA
ARHGAP11B,NA,NA,NA,NA,NA,NA,NA,NA,NA,NA,NA,NA,NA,NA,nonsynonymous SNV,NA,NA,NA,nonsynonymous SNV,NA,NA,NA,NA,NA,NA,NA,NA,NA,NA,NA,NA,NA,NA,NA,NA,NA,NA,nonsynonymous SNV
ARHGAP12,NA,nonsynonymous SNV,NA,NA,NA,NA,NA,NA,NA,NA,NA,NA,NA,NA,NA,NA,NA,NA,NA,nonsynonymous SNV,NA,NA,NA,NA,NA,NA,NA,NA,NA,NA,NA,NA,NA,NA,NA,NA,NA,NA
ARHGAP15,NA,NA,nonsynonymous SNV,NA,NA,NA,NA,NA,NA,NA,NA,NA,NA,NA,NA,NA,NA,NA,NA,NA,NA,NA,NA,NA,NA,NA,NA,NA,NA,NA,NA,NA,NA,NA,NA,NA,NA,NA
ARHGAP17,NA,NA,nonsynonymous SNV,nonsynonymous SNV,nonsynonymous SNV,NA,NA,NA,NA,NA,nonsynonymous SNV,NA,NA,NA,NA,NA,NA,NA,NA,NA,NA,NA,NA,NA,NA,nonsynonymous SNV,NA,NA,NA,NA,NA,NA,NA,NA,NA,NA,NA,NA
ARHGAP18,NA,NA,NA,NA,NA,NA,NA,NA,NA,NA,NA,NA,NA,NA,nonsynonymous SNV,NA,NA,NA,NA,NA,NA,NA,NA,NA,NA,NA,NA,NA,NA,NA,NA,NA,NA,NA,NA,NA,NA,NA
ARHGAP19,NA,NA,NA,NA,NA,NA,NA,NA,NA,NA,nonsynonymous SNV,NA,NA,NA,NA,NA,NA,NA,NA,NA,NA,NA,NA,NA,NA,NA,NA,NA,NA,NA,NA,NA,NA,NA,NA,NA,NA,NA
ARHGAP21,NA,nonsynonymous SNV,stopgain,NA,NA,NA,nonsynonymous SNV,NA,NA,NA,nonsynonymous SNV,NA,NA,NA,NA,NA,NA,NA,nonsynonymous SNV,NA,NA,NA,NA,NA,NA,NA,NA,NA,NA,NA,NA,NA,NA,NA,NA,nonsynonymous SNV,nonsynonymous SNV,NA
ARHGAP23,NA,nonsynonymous SNV,NA,NA,NA,NA,nonsynonymous SNV,nonsynonymous SNV,nonsynonymous SNV,nonsynonymous SNV,nonsynonymous SNV,NA,NA,NA,NA,nonsynonymous SNV,NA,NA,NA,nonsynonymous SNV,NA,NA,NA,NA,NA,NA,NA,NA,NA,NA,NA,NA,NA,NA,NA,NA,NA,NA
ARHGAP25,NA,NA,NA,NA,NA,NA,NA,NA,NA,NA,nonsynonymous SNV,NA,NA,NA,NA,nonsynonymous SNV,NA,NA,NA,nonsynonymous SNV,NA,NA,NA,NA,NA,NA,NA,NA,NA,NA,NA,NA,NA,NA,NA,NA,NA,NA
ARHGAP26,NA,nonsynonymous SNV,NA,NA,NA,NA,NA,NA,NA,NA,NA,NA,NA,NA,NA,NA,NA,NA,NA,NA,NA,NA,NA,NA,NA,NA,NA,NA,NA,NA,NA,NA,NA,NA,NA,NA,NA,NA
ARHGAP27,NA,NA,NA,NA,NA,NA,NA,NA,NA,NA,nonsynonymous SNV,NA,NA,NA,nonsynonymous SNV,NA,NA,NA,NA,nonsynonymous SNV,nonsynonymous SNV,NA,NA,NA,NA,NA,NA,NA,NA,NA,NA,NA,NA,nonsynonymous SNV,NA,NA,nonsynonymous SNV,NA
ARHGAP30,NA,NA,NA,NA,NA,NA,nonsynonymous SNV,NA,NA,NA,NA,NA,NA,NA,nonsynonymous SNV,NA,NA,NA,NA,nonsynonymous SNV,NA,NA,NA,NA,NA,NA,NA,nonsynonymous SNV,NA,NA,NA,NA,NA,NA,NA,NA,NA,NA
ARHGAP31,NA,nonsynonymous SNV,NA,NA,NA,NA,NA,NA,NA,NA,NA,NA,NA,NA,NA,NA,NA,NA,NA,NA,NA,NA,NA,NA,NA,NA,NA,NA,NA,NA,NA,NA,NA,NA,NA,NA,NA,NA
ARHGAP33,NA,NA,NA,NA,nonsynonymous SNV,NA,NA,NA,NA,NA,nonsynonymous SNV,NA,NA,NA,NA,NA,nonsynonymous SNV,NA,NA,nonsynonymous SNV,NA,NA,NA,NA,NA,NA,NA,NA,NA,NA,nonsynonymous SNV,NA,NA,NA,NA,NA,NA,NA
ARHGAP35,nonsynonymous SNV,NA,NA,NA,NA,NA,NA,NA,NA,NA,nonsynonymous SNV,NA,NA,NA,stopgain,NA,NA,NA,NA,nonsynonymous SNV,NA,NA,NA,NA,NA,NA,NA,NA,NA,NA,NA,NA,NA,NA,NA,NA,NA,NA
ARHGAP4,NA,NA,NA,NA,NA,NA,NA,NA,NA,NA,nonsynonymous SNV,NA,NA,NA,NA,NA,NA,NA,NA,nonsynonymous SNV,NA,NA,NA,NA,NA,NA,NA,NA,NA,NA,NA,NA,NA,NA,NA,NA,NA,NA
ARHGAP45,nonsynonymous SNV,NA,NA,NA,NA,NA,NA,nonsynonymous SNV,NA,nonsynonymous SNV,nonsynonymous SNV,NA,NA,NA,NA,NA,NA,NA,NA,nonsynonymous SNV,NA,NA,NA,nonsynonymous SNV,NA,NA,NA,NA,NA,NA,NA,NA,NA,NA,NA,NA,NA,NA
ARHGAP5,NA,NA,NA,NA,NA,NA,NA,NA,NA,NA,NA,NA,NA,NA,NA,NA,NA,NA,NA,nonsynonymous SNV,NA,nonsynonymous SNV,NA,NA,NA,NA,nonsynonymous SNV,NA,NA,NA,NA,NA,NA,nonsynonymous SNV,NA,NA,NA,nonsynonymous SNV
ARHGAP8,NA,NA,NA,NA,NA,NA,NA,NA,NA,nonsynonymous SNV,NA,NA,NA,NA,NA,NA,NA,NA,NA,NA,NA,NA,NA,NA,NA,NA,NA,NA,NA,NA,NA,NA,NA,NA,NA,NA,NA,NA
ARHGAP9,NA,nonsynonymous SNV,NA,NA,NA,NA,NA,NA,NA,NA,nonsynonymous SNV,NA,NA,NA,NA,NA,NA,NA,NA,nonsynonymous SNV,NA,NA,NA,NA,NA,NA,NA,NA,NA,NA,nonsynonymous SNV,NA,NA,NA,NA,NA,NA,nonsynonymous SNV
ARHGDIA,NA,NA,NA,NA,NA,NA,nonsynonymous SNV,NA,NA,NA,NA,NA,NA,NA,NA,NA,NA,NA,NA,nonsynonymous SNV,NA,NA,NA,NA,NA,NA,NA,NA,NA,NA,NA,NA,NA,NA,NA,NA,NA,NA
ARHGDIB,NA,NA,NA,NA,NA,NA,NA,NA,NA,NA,NA,NA,NA,NA,NA,NA,NA,NA,NA,NA,NA,NA,nonsynonymous SNV,NA,NA,NA,NA,NA,NA,NA,NA,NA,NA,NA,NA,NA,NA,NA
ARHGEF1,NA,nonsynonymous SNV,NA,NA,NA,NA,nonsynonymous SNV,nonsynonymous SNV,NA,nonsynonymous SNV,nonsynonymous SNV,NA,NA,NA,NA,NA,NA,NA,NA,nonsynonymous SNV,NA,NA,NA,NA,NA,NA,NA,NA,NA,NA,NA,NA,NA,NA,NA,NA,NA,NA
ARHGEF10,NA,NA,NA,NA,NA,NA,NA,NA,NA,NA,NA,NA,NA,NA,NA,NA,NA,NA,NA,NA,NA,NA,NA,NA,NA,NA,NA,NA,NA,NA,NA,NA,nonsynonymous SNV,NA,NA,NA,NA,NA
ARHGEF12,NA,NA,NA,NA,NA,NA,NA,NA,NA,NA,nonsynonymous SNV,NA,NA,NA,NA,NA,NA,NA,NA,NA,NA,NA,NA,NA,NA,NA,NA,NA,NA,NA,NA,NA,NA,NA,NA,nonsynonymous SNV,NA,nonsynonymous SNV
ARHGEF18,NA,NA,NA,NA,NA,NA,NA,NA,NA,NA,nonsynonymous SNV,NA,NA,NA,NA,NA,NA,NA,NA,NA,NA,NA,NA,nonsynonymous SNV,NA,NA,NA,NA,NA,NA,nonsynonymous SNV,NA,NA,NA,NA,NA,NA,NA
ARHGEF2,NA,NA,NA,NA,NA,NA,nonsynonymous SNV,NA,NA,NA,nonsynonymous SNV,NA,NA,NA,NA,NA,NA,NA,NA,nonsynonymous SNV,NA,NA,NA,NA,NA,NA,NA,NA,NA,NA,NA,NA,NA,NA,NA,NA,NA,NA
ARHGEF3,NA,NA,NA,NA,NA,NA,NA,NA,NA,NA,stopgain,NA,NA,NA,NA,NA,NA,NA,NA,NA,NA,NA,NA,NA,NA,NA,NA,NA,NA,NA,NA,NA,NA,NA,NA,NA,NA,NA
ARHGEF40,NA,NA,NA,NA,NA,NA,NA,NA,NA,NA,NA,NA,NA,NA,NA,nonsynonymous SNV,NA,NA,NA,NA,NA,NA,NA,NA,NA,NA,NA,NA,NA,NA,NA,NA,NA,NA,NA,NA,NA,NA
ARHGEF6,NA,NA,NA,NA,NA,NA,nonsynonymous SNV,NA,NA,NA,NA,NA,NA,NA,NA,NA,NA,NA,NA,nonsynonymous SNV,NA,NA,NA,NA,NA,NA,NA,NA,NA,NA,NA,NA,NA,NA,NA,NA,NA,NA
ARHGEF7,NA,NA,NA,NA,NA,NA,NA,NA,NA,NA,NA,NA,NA,NA,nonsynonymous SNV,NA,NA,NA,NA,NA,NA,NA,NA,NA,NA,NA,NA,NA,NA,NA,NA,NA,NA,NA,NA,NA,NA,NA
ARID1A,NA,nonsynonymous SNV,NA,NA,NA,NA,NA,NA,NA,NA,NA,NA,NA,NA,NA,NA,NA,NA,NA,nonsynonymous SNV,NA,NA,NA,NA,NA,NA,NA,NA,NA,NA,NA,NA,NA,nonsynonymous SNV,NA,NA,NA,NA
ARID1B,NA,NA,NA,NA,NA,stopgain,NA,NA,NA,NA,nonsynonymous SNV,NA,NA,NA,nonsynonymous SNV;stopgain,NA,NA,NA,NA,NA,NA,NA,NA,NA,NA,NA,NA,NA,NA,NA,NA,NA,NA,NA,NA,NA,NA,NA
ARID2,NA,NA,NA,NA,NA,NA,NA,NA,NA,NA,NA,NA,NA,NA,NA,NA,NA,NA,NA,NA,stopgain,NA,NA,NA,nonsynonymous SNV,NA,NA,NA,NA,nonsynonymous SNV,NA,NA,NA,NA,NA,NA,NA,NA
ARID3A,NA,NA,NA,NA,NA,NA,NA,NA,NA,NA,NA,NA,NA,NA,nonsynonymous SNV,NA,NA,NA,NA,NA,nonsynonymous SNV,NA,NA,NA,NA,NA,NA,NA,NA,NA,NA,NA,nonsynonymous SNV,NA,NA,NA,NA,NA
ARID3B,NA,NA,NA,NA,NA,NA,NA,NA,NA,NA,nonsynonymous SNV,NA,NA,NA,NA,NA,NA,NA,NA,nonsynonymous SNV,NA,NA,NA,NA,NA,NA,NA,NA,NA,NA,NA,NA,NA,NA,NA,NA,NA,nonsynonymous SNV
ARID4B,NA,NA,NA,NA,NA,NA,NA,NA,NA,NA,nonsynonymous SNV,NA,NA,NA,NA,nonsynonymous SNV,NA,NA,NA,NA,NA,NA,nonsynonymous SNV,NA,NA,NA,NA,NA,NA,NA,NA,NA,NA,nonsynonymous SNV,NA,NA,NA,NA
ARID5A,NA,NA,NA,NA,NA,NA,NA,NA,NA,NA,nonsynonymous SNV,NA,NA,NA,NA,NA,NA,NA,NA,NA,NA,NA,NA,NA,NA,NA,NA,NA,NA,NA,NA,NA,NA,NA,NA,NA,NA,NA
ARID5B,NA,NA,NA,NA,NA,NA,NA,NA,NA,NA,NA,NA,NA,NA,NA,NA,NA,NA,NA,NA,NA,NA,NA,NA,NA,NA,NA,NA,NA,NA,NA,NA,NA,NA,NA,NA,NA,NA
ARIH2,NA,nonsynonymous SNV,NA,NA,NA,NA,NA,NA,NA,NA,NA,NA,NA,NA,NA,NA,NA,NA,NA,nonsynonymous SNV,NA,NA,NA,NA,NA,NA,NA,NA,NA,NA,NA,NA,NA,NA,NA,NA,NA,NA
ARIH2OS,NA,NA,NA,NA,NA,NA,NA,NA,NA,NA,NA,NA,NA,NA,NA,NA,NA,NA,NA,NA,NA,NA,NA,NA,NA,NA,NA,NA,nonsynonymous SNV,NA,NA,NA,nonsynonymous SNV,NA,NA,NA,NA,NA
ARL15,NA,nonsynonymous SNV,NA,NA,NA,NA,NA,NA,NA,NA,NA,nonsynonymous SNV,NA,NA,NA,NA,NA,NA,NA,NA,NA,NA,NA,NA,NA,NA,NA,NA,NA,NA,NA,NA,NA,NA,NA,NA,NA,NA
ARL16,NA,NA,NA,NA,NA,NA,NA,NA,NA,NA,NA,NA,NA,NA,NA,NA,NA,NA,NA,nonsynonymous SNV,NA,NA,NA,NA,NA,NA,NA,NA,NA,NA,NA,NA,NA,NA,NA,NA,NA,NA
ARL17A;ARL17B,NA,NA,NA,NA,NA,NA,NA,NA,NA,NA,nonsynonymous SNV,NA,NA,NA,NA,NA,NA,NA,NA,NA,NA,NA,NA,NA,NA,NA,NA,NA,NA,NA,NA,NA,NA,NA,NA,NA,NA,NA
ARL3,NA,NA,NA,NA,NA,NA,NA,NA,NA,NA,nonsynonymous SNV,NA,NA,NA,NA,NA,NA,NA,NA,NA,NA,NA,NA,NA,NA,NA,NA,NA,NA,NA,NA,NA,NA,NA,NA,NA,NA,NA
ARL6IP4,NA,NA,nonsynonymous SNV,NA,NA,NA,NA,NA,NA,NA,NA,NA,NA,NA,NA,NA,NA,NA,NA,nonsynonymous SNV,NA,NA,NA,NA,NA,NA,NA,NA,NA,NA,NA,NA,NA,NA,NA,NA,NA,NA
ARMC1,NA,NA,NA,NA,NA,NA,nonsynonymous SNV,NA,NA,NA,NA,NA,NA,NA,nonsynonymous SNV,NA,NA,NA,NA,NA,NA,NA,NA,NA,NA,NA,NA,NA,NA,NA,NA,NA,NA,NA,NA,NA,NA,NA
ARMC10,NA,NA,NA,NA,NA,NA,NA,NA,NA,NA,nonsynonymous SNV,NA,NA,NA,NA,NA,NA,NA,NA,NA,NA,NA,NA,NA,NA,NA,NA,NA,NA,NA,NA,NA,NA,NA,NA,NA,NA,NA
ARMC5,NA,NA,nonsynonymous SNV,NA,NA,NA,NA,NA,NA,NA,NA,NA,NA,NA,nonsynonymous SNV,NA,nonsynonymous SNV,NA,NA,nonsynonymous SNV,nonsynonymous SNV,NA,NA,NA,NA,nonsynonymous SNV,NA,NA,NA,NA,NA,NA,NA,NA,NA,NA,NA,NA
ARMC6,NA,NA,NA,NA,NA,NA,NA,NA,NA,NA,NA,NA,NA,NA,NA,NA,NA,NA,NA,nonsynonymous SNV,NA,NA,NA,NA,NA,NA,NA,NA,NA,NA,NA,NA,NA,NA,NA,NA,NA,NA
ARMC8,NA,NA,NA,NA,NA,NA,NA,NA,NA,NA,nonsynonymous SNV,NA,NA,NA,nonsynonymous SNV,NA,NA,NA,NA,NA,NA,NA,NA,NA,NA,NA,NA,NA,NA,NA,NA,NA,NA,NA,NA,NA,NA,NA
ARMC9,NA,NA,NA,NA,NA,NA,NA,NA,NA,NA,NA,NA,NA,NA,nonsynonymous SNV,NA,NA,NA,NA,NA,NA,NA,NA,NA,NA,NA,NA,NA,NA,NA,NA,NA,NA,NA,NA,NA,NA,NA
ARMCX4,NA,NA,NA,NA,NA,NA,NA,NA,NA,NA,nonsynonymous SNV,NA,NA,NA,NA,NA,NA,NA,NA,NA,NA,NA,NA,NA,NA,NA,NA,NA,NA,NA,NA,NA,NA,NA,NA,NA,NA,NA
ARMCX5-GPRASP2;GPRASP2,NA,NA,NA,NA,NA,NA,NA,NA,NA,NA,NA,NA,NA,NA,nonsynonymous SNV,NA,NA,NA,NA,NA,NA,NA,NA,NA,NA,NA,NA,NA,NA,NA,NA,NA,NA,NA,NA,NA,NA,NA
ARMCX6,NA,NA,NA,NA,NA,NA,NA,NA,nonsynonymous SNV,NA,NA,NA,NA,NA,NA,NA,NA,NA,NA,NA,NA,NA,NA,NA,NA,NA,NA,NA,NA,NA,NA,NA,NA,NA,NA,NA,NA,NA
ARMT1,NA,NA,NA,NA,NA,nonsynonymous SNV,NA,NA,NA,NA,NA,NA,NA,NA,NA,NA,NA,NA,NA,NA,NA,NA,NA,NA,NA,NA,NA,NA,NA,NA,NA,NA,NA,NA,NA,NA,NA,NA
ARNT,NA,NA,NA,NA,NA,NA,NA,NA,NA,NA,nonsynonymous SNV,NA,NA,NA,nonsynonymous SNV,NA,NA,NA,NA,NA,NA,NA,NA,NA,NA,NA,NA,NA,NA,NA,NA,NA,NA,NA,NA,NA,NA,NA
ARNTL,NA,NA,NA,NA,NA,NA,NA,NA,NA,NA,NA,NA,NA,NA,nonsynonymous SNV,NA,NA,NA,NA,NA,NA,NA,NA,NA,NA,NA,NA,NA,NA,NA,NA,NA,NA,NA,NA,NA,NA,NA
ARNTL2,NA,NA,NA,NA,NA,NA,NA,NA,NA,NA,NA,NA,NA,NA,NA,NA,NA,NA,NA,NA,NA,NA,NA,NA,NA,NA,NA,NA,NA,NA,nonsynonymous SNV,NA,NA,NA,NA,NA,NA,NA
ARPC1B,NA,NA,NA,NA,NA,NA,NA,nonsynonymous SNV,NA,nonsynonymous SNV,NA,NA,NA,NA,NA,NA,NA,NA,NA,NA,NA,NA,NA,NA,NA,NA,NA,NA,NA,NA,NA,NA,NA,NA,NA,NA,NA,NA
ARPC2,NA,NA,NA,NA,NA,NA,NA,nonsynonymous SNV,NA,NA,NA,NA,NA,NA,NA,NA,NA,NA,NA,NA,NA,NA,NA,NA,NA,NA,NA,NA,NA,NA,NA,NA,NA,NA,NA,NA,NA,NA
ARPC5,NA,NA,NA,NA,NA,NA,NA,NA,NA,NA,NA,NA,NA,NA,nonsynonymous SNV,NA,NA,NA,NA,NA,NA,NA,NA,NA,NA,NA,NA,NA,NA,NA,NA,NA,NA,NA,NA,NA,NA,NA
ARPC5L,NA,NA,NA,NA,NA,NA,nonsynonymous SNV,NA,NA,NA,NA,NA,NA,NA,NA,NA,NA,NA,NA,nonsynonymous SNV,NA,NA,NA,NA,NA,NA,NA,NA,NA,NA,NA,NA,NA,NA,NA,NA,NA,NA
ARRB1,NA,NA,NA,NA,NA,NA,NA,NA,NA,NA,nonsynonymous SNV,NA,NA,NA,NA,NA,NA,NA,NA,NA,NA,NA,NA,NA,NA,NA,NA,NA,NA,NA,NA,NA,NA,NA,NA,NA,NA,NA
ARRDC1,nonsynonymous SNV,NA,NA,NA,NA,NA,NA,NA,nonsynonymous SNV,NA,nonsynonymous SNV,NA,NA,NA,NA,NA,nonsynonymous SNV,NA,NA,NA,NA,NA,NA,NA,NA,NA,NA,NA,NA,NA,NA,NA,NA,NA,NA,NA,NA,NA
ARRDC2,NA,NA,NA,NA,NA,NA,nonsynonymous SNV,NA,NA,NA,nonsynonymous SNV,NA,NA,NA,NA,NA,NA,NA,NA,NA,NA,NA,NA,NA,NA,NA,NA,NA,NA,NA,NA,NA,NA,NA,NA,NA,NA,NA
ARRDC3,NA,NA,NA,NA,NA,NA,NA,NA,NA,NA,NA,NA,NA,NA,NA,NA,NA,NA,NA,stopgain,NA,NA,NA,NA,NA,NA,NA,NA,NA,NA,NA,NA,NA,NA,NA,NA,NA,NA
ARSA,NA,NA,NA,NA,NA,NA,NA,NA,NA,NA,nonsynonymous SNV,NA,NA,NA,NA,nonsynonymous SNV,NA,NA,NA,NA,NA,NA,NA,NA,NA,NA,NA,NA,NA,NA,NA,NA,NA,NA,NA,NA,NA,NA
ARSB,NA,NA,NA,NA,NA,NA,NA,NA,NA,NA,NA,NA,NA,NA,NA,nonsynonymous SNV,NA,NA,NA,NA,NA,NA,NA,NA,nonsynonymous SNV,NA,NA,NA,NA,NA,NA,NA,NA,NA,NA,NA,NA,NA
ARSG,NA,NA,NA,NA,NA,NA,nonsynonymous SNV,NA,NA,NA,NA,NA,NA,NA,NA,NA,NA,NA,NA,nonsynonymous SNV,NA,NA,NA,NA,NA,NA,NA,NA,NA,NA,NA,NA,NA,NA,NA,NA,NA,NA
ARSK,NA,NA,NA,NA,NA,NA,NA,NA,NA,NA,NA,NA,NA,NA,NA,NA,NA,NA,NA,NA,NA,NA,NA,NA,NA,nonsynonymous SNV,NA,NA,NA,NA,NA,NA,NA,NA,NA,NA,NA,NA
ARV1,NA,NA,NA,NA,NA,NA,NA,NA,NA,NA,NA,NA,NA,NA,nonsynonymous SNV,NA,NA,NA,NA,NA,NA,NA,NA,NA,NA,NA,NA,NA,NA,NA,NA,NA,NA,NA,NA,NA,NA,NA
AS3MT,nonsynonymous SNV,NA,NA,NA,NA,NA,NA,NA,NA,NA,NA,NA,NA,NA,NA,NA,NA,NA,NA,NA,NA,NA,NA,NA,NA,NA,NA,NA,NA,NA,NA,NA,NA,NA,NA,NA,NA,NA
ASAH1,NA,NA,NA,NA,NA,NA,NA,NA,NA,NA,NA,NA,nonsynonymous SNV,NA,NA,NA,NA,nonsynonymous SNV,nonsynonymous SNV,NA,NA,NA,NA,nonsynonymous SNV,NA,NA,NA,NA,NA,nonsynonymous SNV,nonsynonymous SNV,NA,NA,NA,NA,NA,NA,nonsynonymous SNV
ASAH2,NA,NA,NA,nonsynonymous SNV,nonsynonymous SNV,NA,NA,NA,NA,NA,NA,NA,NA,NA,NA,NA,NA,NA,NA,NA,NA,NA,NA,NA,NA,NA,NA,NA,NA,NA,NA,NA,NA,NA,NA,NA,NA,NA
ASAP1,NA,NA,NA,NA,NA,NA,NA,NA,NA,NA,nonsynonymous SNV;stopgain,NA,NA,NA,NA,NA,NA,NA,NA,NA,NA,NA,NA,NA,NA,NA,NA,NA,NA,NA,NA,NA,NA,NA,NA,NA,NA,NA
ASAP2,NA,NA,NA,NA,NA,NA,NA,NA,NA,NA,nonsynonymous SNV,NA,NA,NA,NA,NA,NA,NA,NA,NA,NA,NA,NA,NA,NA,NA,NA,NA,NA,NA,NA,NA,NA,NA,NA,NA,NA,NA
ASAP3,NA,NA,NA,NA,NA,NA,NA,NA,NA,NA,nonsynonymous SNV,NA,NA,NA,NA,NA,NA,NA,NA,NA,NA,NA,NA,NA,NA,NA,NA,NA,NA,NA,NA,NA,NA,NA,NA,NA,NA,NA
ASB13,NA,NA,NA,NA,NA,NA,NA,NA,NA,NA,NA,NA,NA,NA,nonsynonymous SNV,NA,NA,NA,NA,NA,NA,NA,NA,NA,NA,NA,NA,NA,NA,NA,NA,NA,NA,NA,NA,NA,NA,NA
ASB16,NA,NA,NA,NA,NA,NA,NA,NA,NA,NA,nonsynonymous SNV,NA,NA,NA,NA,NA,NA,NA,NA,NA,NA,NA,NA,nonsynonymous SNV,NA,NA,NA,NA,NA,NA,NA,NA,NA,NA,NA,NA,NA,NA
ASB2,NA,NA,NA,NA,NA,NA,NA,NA,NA,NA,NA,NA,NA,NA,NA,NA,NA,NA,nonsynonymous SNV,NA,NA,NA,NA,NA,NA,NA,NA,NA,NA,NA,NA,NA,NA,nonsynonymous SNV,NA,NA,NA,NA
ASCC1,NA,NA,NA,NA,NA,NA,NA,NA,NA,NA,NA,NA,NA,NA,nonsynonymous SNV,NA,NA,NA,NA,NA,NA,NA,NA,NA,NA,NA,NA,NA,NA,NA,NA,NA,NA,nonsynonymous SNV,NA,NA,NA,NA
ASCC2,NA,NA,NA,NA,NA,NA,NA,NA,NA,NA,NA,NA,NA,NA,nonsynonymous SNV,NA,NA,NA,nonsynonymous SNV,NA,NA,NA,NA,NA,NA,NA,NA,NA,NA,NA,NA,NA,NA,NA,NA,NA,NA,NA
ASCC3,NA,NA,NA,NA,NA,NA,NA,NA,NA,NA,NA,NA,NA,NA,nonsynonymous SNV,NA,NA,NA,NA,NA,NA,NA,NA,NA,NA,NA,NA,NA,NA,NA,NA,NA,NA,NA,nonsynonymous SNV,NA,NA,nonsynonymous SNV
ASF1B,NA,NA,NA,NA,NA,NA,NA,NA,NA,NA,nonsynonymous SNV,NA,NA,NA,NA,NA,NA,NA,NA,NA,NA,NA,NA,NA,NA,NA,NA,NA,NA,NA,NA,NA,NA,NA,NA,NA,NA,NA
ASH1L,NA,NA,NA,NA,NA,NA,nonsynonymous SNV,NA,NA,NA,NA,NA,NA,NA,nonsynonymous SNV,NA,nonsynonymous SNV,NA,NA,nonsynonymous SNV,NA,NA,NA,NA,NA,NA,nonsynonymous SNV,NA,NA,NA,NA,NA,NA,NA,NA,nonsynonymous SNV,NA,NA
ASH2L,NA,NA,NA,NA,NA,NA,NA,NA,NA,NA,NA,NA,NA,NA,NA,NA,NA,NA,NA,NA,NA,NA,NA,NA,NA,NA,NA,NA,NA,NA,NA,nonsynonymous SNV,NA,NA,NA,NA,NA,nonsynonymous SNV
ASIC1,NA,NA,NA,NA,NA,NA,NA,NA,NA,NA,nonsynonymous SNV,NA,NA,NA,NA,NA,NA,NA,NA,NA,NA,NA,NA,NA,NA,NA,NA,NA,NA,NA,NA,NA,NA,NA,NA,NA,NA,NA
ASIC3,NA,NA,NA,NA,NA,NA,NA,NA,NA,NA,NA,NA,NA,NA,NA,NA,NA,NA,NA,NA,NA,NA,NA,NA,NA,NA,NA,NA,NA,NA,NA,NA,NA,NA,NA,NA,NA,NA
ASIP,NA,NA,NA,NA,NA,NA,NA,NA,NA,NA,NA,NA,NA,NA,NA,NA,NA,NA,NA,NA,NA,NA,NA,NA,NA,NA,NA,NA,NA,NA,NA,NA,NA,NA,NA,NA,NA,nonsynonymous SNV
ASL,NA,NA,NA,nonsynonymous SNV,nonsynonymous SNV,NA,NA,NA,NA,NA,NA,NA,NA,NA,NA,NA,NA,NA,NA,NA,NA,nonsynonymous SNV,NA,NA,NA,NA,NA,NA,NA,NA,NA,NA,NA,NA,NA,NA,NA,NA
ASMTL,NA,NA,nonsynonymous SNV,NA,NA,NA,NA,NA,NA,NA,NA,NA,NA,NA,nonsynonymous SNV,NA,NA,NA,NA,nonsynonymous SNV,NA,NA,NA,NA,NA,NA,NA,NA,NA,NA,NA,NA,NA,NA,NA,NA,NA,NA
ASNA1,NA,NA,NA,NA,NA,NA,NA,NA,NA,NA,NA,NA,NA,NA,NA,NA,NA,NA,NA,nonsynonymous SNV,NA,NA,NA,NA,NA,NA,NA,NA,NA,NA,NA,NA,NA,NA,NA,NA,NA,NA
ASNS,NA,NA,NA,NA,NA,NA,NA,NA,NA,NA,NA,NA,NA,NA,NA,NA,NA,NA,NA,nonsynonymous SNV,NA,NA,NA,NA,NA,NA,NA,NA,NA,NA,NA,NA,NA,NA,NA,NA,NA,NA
ASNSD1,NA,NA,NA,NA,NA,NA,nonsynonymous SNV,NA,NA,NA,NA,NA,NA,NA,NA,NA,NA,NA,NA,NA,NA,NA,NA,NA,NA,NA,NA,NA,NA,NA,NA,NA,NA,NA,NA,NA,nonsynonymous SNV,NA
ASPH,NA,NA,NA,NA,NA,NA,NA,NA,NA,NA,NA,NA,NA,NA,NA,NA,NA,NA,NA,NA,stopgain,NA,NA,NA,NA,NA,NA,NA,NA,NA,NA,NA,NA,NA,NA,NA,NA,NA
ASPHD1,NA,NA,NA,NA,NA,NA,NA,NA,NA,NA,nonsynonymous SNV,NA,NA,NA,NA,NA,NA,NA,NA,NA,NA,NA,NA,NA,NA,NA,NA,NA,NA,NA,NA,NA,NA,NA,NA,NA,NA,NA
ASPM,NA,NA,NA,NA,NA,NA,NA,nonsynonymous SNV,NA,nonsynonymous SNV,NA,NA,NA,nonsynonymous SNV,nonsynonymous SNV,NA,NA,NA,NA,NA,NA,NA,NA,NA,NA,NA,NA,NA,nonsynonymous SNV,NA,NA,NA,NA,nonsynonymous SNV,NA,NA,NA,NA
ASPRV1,NA,NA,NA,NA,NA,NA,NA,NA,NA,nonsynonymous SNV,nonsynonymous SNV,NA,NA,NA,NA,NA,NA,NA,NA,NA,NA,NA,NA,NA,NA,NA,NA,NA,NA,NA,NA,NA,NA,NA,NA,NA,NA,NA
ASPSCR1,NA,NA,NA,NA,NA,NA,NA,NA,NA,NA,NA,NA,NA,nonsynonymous SNV,NA,NA,NA,NA,NA,nonsynonymous SNV,NA,NA,NA,NA,NA,NA,NA,NA,NA,nonsynonymous SNV,NA,NA,NA,NA,NA,NA,NA,NA
ASTE1,NA,NA,NA,NA,NA,NA,NA,NA,NA,NA,nonsynonymous SNV,NA,NA,NA,NA,NA,NA,NA,NA,NA,NA,NA,NA,NA,NA,NA,NA,NA,NA,NA,NA,NA,NA,NA,NA,NA,NA,NA
ASTN2,NA,nonsynonymous SNV,NA,NA,NA,NA,NA,nonsynonymous SNV,NA,NA,NA,NA,NA,NA,NA,NA,NA,NA,NA,NA,NA,NA,NA,NA,NA,NA,NA,NA,NA,NA,NA,NA,NA,nonsynonymous SNV,NA,NA,NA,NA
ASXL1,NA,NA,NA,NA,NA,NA,nonsynonymous SNV,NA,NA,NA,nonsynonymous SNV,NA,NA,nonsynonymous SNV,NA,NA,NA,NA,NA,nonsynonymous SNV,NA,NA,NA,NA,NA,NA,NA,NA,NA,NA,NA,NA,NA,NA,NA,NA,NA,NA
ASXL2,NA,NA,NA,NA,NA,nonsynonymous SNV,NA,NA,NA,NA,NA,NA,NA,NA,NA,NA,NA,NA,NA,NA,NA,NA,NA,NA,NA,NA,NA,NA,NA,NA,NA,NA,NA,NA,NA,NA,NA,NA
ATAD2,NA,NA,NA,NA,NA,NA,NA,NA,NA,NA,NA,NA,NA,NA,NA,NA,NA,NA,NA,NA,nonsynonymous SNV,NA,NA,NA,NA,NA,nonsynonymous SNV,NA,NA,NA,NA,NA,NA,NA,NA,NA,NA,NA
ATAD2B,NA,NA,NA,NA,NA,NA,nonsynonymous SNV,NA,NA,NA,NA,NA,NA,nonsynonymous SNV,NA,NA,NA,NA,NA,NA,NA,nonsynonymous SNV,NA,NA,NA,nonsynonymous SNV,NA,NA,NA,NA,NA,NA,NA,NA,NA,NA,NA,NA
ATAD3A,NA,nonsynonymous SNV,NA,NA,NA,NA,NA,NA,NA,NA,NA,NA,NA,NA,NA,NA,NA,NA,NA,NA,NA,NA,NA,NA,NA,NA,NA,NA,NA,NA,NA,NA,NA,NA,NA,nonsynonymous SNV,NA,NA
ATAD3B,nonsynonymous SNV,NA,NA,NA,NA,nonsynonymous SNV,NA,NA,NA,NA,nonsynonymous SNV,NA,NA,nonsynonymous SNV,nonsynonymous SNV,NA,NA,NA,nonsynonymous SNV,nonsynonymous SNV,NA,nonsynonymous SNV,NA,NA,NA,nonsynonymous SNV,NA,NA,NA,NA,NA,NA,NA,NA,NA,NA,NA,NA
ATAD3C,NA,nonsynonymous SNV,nonsynonymous SNV,NA,nonsynonymous SNV,NA,nonsynonymous SNV,NA,NA,NA,NA,NA,NA,nonsynonymous SNV,nonsynonymous SNV,NA,NA,nonsynonymous SNV,nonsynonymous SNV,nonsynonymous SNV,NA,NA,NA,nonsynonymous SNV,NA,NA,NA,NA,NA,NA,NA,NA,NA,NA,NA,NA,nonsynonymous SNV,nonsynonymous SNV
ATAD5,NA,NA,NA,NA,NA,NA,NA,NA,NA,NA,NA,NA,NA,NA,NA,NA,NA,NA,NA,nonsynonymous SNV,NA,nonsynonymous SNV,NA,NA,NA,NA,NA,NA,NA,NA,NA,NA,NA,NA,NA,NA,NA,NA
ATAT1,NA,NA,NA,NA,NA,NA,nonsynonymous SNV,NA,NA,NA,NA,NA,NA,NA,NA,NA,NA,NA,NA,nonsynonymous SNV,NA,NA,NA,NA,NA,NA,NA,NA,NA,NA,NA,NA,NA,NA,NA,NA,NA,NA
ATE1,nonsynonymous SNV,NA,NA,NA,NA,NA,NA,NA,NA,NA,NA,NA,NA,NA,NA,NA,NA,NA,NA,NA,NA,NA,NA,NA,NA,NA,NA,NA,NA,NA,NA,NA,NA,NA,NA,NA,NA,NA
ATF1,NA,NA,NA,NA,NA,NA,NA,NA,NA,NA,NA,NA,NA,NA,NA,NA,NA,NA,NA,NA,NA,NA,NA,NA,NA,NA,NA,NA,NA,nonsynonymous SNV,NA,NA,NA,NA,NA,NA,NA,NA
ATF4,NA,NA,NA,NA,NA,NA,NA,NA,NA,NA,nonsynonymous SNV,NA,NA,NA,NA,NA,NA,NA,NA,nonsynonymous SNV,NA,NA,NA,NA,NA,NA,NA,NA,NA,NA,NA,NA,NA,NA,NA,NA,NA,NA
ATF6,NA,NA,NA,NA,NA,NA,NA,NA,NA,NA,NA,NA,nonsynonymous SNV,NA,NA,NA,NA,NA,NA,NA,NA,NA,NA,NA,NA,NA,NA,NA,NA,NA,NA,NA,NA,NA,NA,NA,NA,NA
ATF6B,NA,NA,NA,NA,NA,NA,NA,NA,NA,NA,nonsynonymous SNV,NA,NA,NA,NA,NA,NA,nonsynonymous SNV,nonsynonymous SNV,NA,NA,NA,NA,NA,NA,NA,NA,NA,NA,NA,NA,NA,NA,NA,NA,NA,NA,NA
ATF7,NA,NA,NA,NA,NA,NA,NA,NA,NA,NA,NA,NA,NA,NA,NA,NA,NA,NA,NA,stopgain,NA,NA,NA,NA,NA,NA,NA,NA,NA,NA,NA,NA,NA,NA,NA,NA,NA,NA
ATF7IP,NA,NA,NA,NA,NA,NA,nonsynonymous SNV,NA,NA,NA,NA,NA,NA,nonsynonymous SNV,NA,NA,NA,NA,NA,NA,NA,NA,NA,NA,NA,nonsynonymous SNV,NA,NA,NA,nonsynonymous SNV,NA,NA,NA,NA,NA,NA,NA,NA